,Number,Player,Team,Match,MatchOrder,Games,FTS2H Historical,Tab,Neds,Betright,Bet365,Sportsbet,Pointsbet,Dabble,Playup,Boombet,Bluebet,Unibet,Highest,Highest/Historical,Market Value
0,1,Reece Walsh,Brisbane Broncos,Brisbane Broncos vs Parramatta Eels,0,96.0,16.33,9.0,6.75,,,8.0,,,,,,,9.0,55.0,112.0
1,2,Josiah Karapani,Brisbane Broncos,Brisbane Broncos vs Parramatta Eels,0,29.0,29.0,8.0,7.0,,,8.25,,,,,,,8.25,28.0,103.0
2,3,Kotoni Staggs,Brisbane Broncos,Brisbane Broncos vs Parramatta Eels,0,148.0,24.67,13.0,10.0,,,11.5,,,,,,,13.0,53.0,113.0
3,4,Gehamat Shibasaki,Brisbane Broncos,Brisbane Broncos vs Parramatta Eels,0,57.0,31.0,11.0,9.25,,,11.0,,,,,,,11.0,35.0,100.0
4,5,Deine Mariner,Brisbane Broncos,Brisbane Broncos vs Parramatta Eels,0,59.0,20.67,8.0,7.5,,,8.5,,,,,,,8.5,41.0,106.0
5,6,Ezra Mam,Brisbane Broncos,Brisbane Broncos vs Parramatta Eels,0,70.0,17.5,17.0,13.0,,,13.0,,,,,,,17.0,97.0,131.0
6,7,Adam Reynolds,Brisbane Broncos,Brisbane Broncos vs Parramatta Eels,0,310.0,55.25,21.0,21.0,,,21.0,,,,,,,21.0,38.0,100.0
7,8,Corey Jensen,Brisbane Broncos,Brisbane Broncos vs Parramatta Eels,0,150.0,153.0,34.0,51.0,,,51.0,,,,,,,51.0,33.0,100.0
8,9,Cory Paix,Brisbane Broncos,Brisbane Broncos vs Parramatta Eels,0,69.0,73.0,34.0,34.0,,,34.0,,,,,,,34.0,47.0,100.0
9,10,Payne Haas,Brisbane Broncos,Brisbane Broncos vs Parramatta Eels,0,143.0,,34.0,26.0,,,26.0,,,,,,,34.0,,131.0
10,11,Jack Gosiewski,Brisbane Broncos,Brisbane Broncos vs Parramatta Eels,0,95.0,24.25,19.0,26.0,,,23.0,,,,,,,26.0,107.0,113.0
11,12,Jordan Riki,Brisbane Broncos,Brisbane Broncos vs Parramatta Eels,0,115.0,39.33,19.0,26.0,,,21.0,,,,,,,26.0,66.0,124.0
12,13,Patrick Carrigan,Brisbane Broncos,Brisbane Broncos vs Parramatta Eels,0,131.0,,34.0,41.0,,,34.0,,,,,,,41.0,,121.0
13,14,Ben Hunt,Brisbane Broncos,Brisbane Broncos vs Parramatta Eels,0,356.0,36.67,51.0,26.0,,,23.0,,,,,,,51.0,139.0,196.0
14,15,Xavier Willison,Brisbane Broncos,Brisbane Broncos vs Parramatta Eels,0,53.0,26.5,51.0,26.0,,,21.0,,,,,,,51.0,192.0,196.0
15,16,Ben Talty,Brisbane Broncos,Brisbane Broncos vs Parramatta Eels,0,11.0,,21.0,31.0,,,,,,,,,,31.0,,148.0
16,17,Aublix Tawha,Brisbane Broncos,Brisbane Broncos vs Parramatta Eels,0,11.0,,15.0,41.0,,,,,,,,,,41.0,,273.0
17,1,Isaiah Iongi,Parramatta Eels,Brisbane Broncos vs Parramatta Eels,0,24.0,12.0,17.0,17.0,,,15.0,,,,,,,17.0,142.0,100.0
18,2,Bailey Simonsson,Parramatta Eels,Brisbane Broncos vs Parramatta Eels,0,104.0,26.5,13.0,11.5,,,12.5,,,,,,,13.0,49.0,104.0
19,3,Will Penisini,Parramatta Eels,Brisbane Broncos vs Parramatta Eels,0,101.0,20.8,21.0,17.0,,,17.0,,,,,,,21.0,101.0,124.0
20,4,Sean Russell,Parramatta Eels,Brisbane Broncos vs Parramatta Eels,0,65.0,,26.0,19.0,,,16.0,,,,,,,26.0,,137.0
21,5,Josh Addo-Carr,Parramatta Eels,Brisbane Broncos vs Parramatta Eels,0,201.0,9.67,10.0,9.75,,,10.0,,,,,,,10.0,103.0,100.0
22,6,Jonah Pezet,Parramatta Eels,Brisbane Broncos vs Parramatta Eels,0,19.0,,41.0,31.0,,,26.0,,,,,,,41.0,,132.0
23,7,Mitchell Moses,Parramatta Eels,Brisbane Broncos vs Parramatta Eels,0,239.0,36.17,26.0,21.0,,,21.0,,,,,,,26.0,72.0,124.0
24,8,Jack Williams,Parramatta Eels,Brisbane Broncos vs Parramatta Eels,0,146.0,49.33,51.0,51.0,,,51.0,,,,,,,51.0,103.0,100.0
25,9,Ryley Smith,Parramatta Eels,Brisbane Broncos vs Parramatta Eels,0,23.0,,51.0,51.0,,,51.0,,,,,,,51.0,,100.0
26,10,Junior Paulo,Parramatta Eels,Brisbane Broncos vs Parramatta Eels,0,277.0,76.0,51.0,51.0,,,51.0,,,,,,,51.0,67.0,100.0
27,11,Kelma Tuilagi,Parramatta Eels,Brisbane Broncos vs Parramatta Eels,0,73.0,24.67,34.0,34.0,,,31.0,,,,,,,34.0,138.0,100.0
28,12,Kitione Kautoga,Parramatta Eels,Brisbane Broncos vs Parramatta Eels,0,19.0,,34.0,31.0,,,29.0,,,,,,,34.0,,110.0
29,13,Jack de Belin,Parramatta Eels,Brisbane Broncos vs Parramatta Eels,0,231.0,56.67,81.0,51.0,,,51.0,,,,,,,81.0,143.0,159.0
30,14,Dylan Walker,Parramatta Eels,Brisbane Broncos vs Parramatta Eels,0,253.0,39.0,41.0,51.0,,,41.0,,,,,,,51.0,131.0,124.0
31,15,Sam Tuivaiti,Parramatta Eels,Brisbane Broncos vs Parramatta Eels,0,11.0,,81.0,67.0,,,,,,,,,,81.0,,121.0
32,16,Matt Doorey,Parramatta Eels,Brisbane Broncos vs Parramatta Eels,0,54.0,57.0,81.0,67.0,,,,,,,,,,81.0,142.0,121.0
33,17,Tallyn Da Silva,Parramatta Eels,Brisbane Broncos vs Parramatta Eels,0,36.0,36.0,67.0,51.0,,,51.0,,,,,,,67.0,186.0,131.0
34,1,Charnze Nicoll-Klokstad,Warriors,Warriors vs Canberra Raiders,1,138.0,28.4,15.0,15.0,,,14.0,,,,,,,15.0,53.0,100.0
35,2,Dallin Watene-Zelezniak,Warriors,Warriors vs Canberra Raiders,1,229.0,21.3,10.0,8.25,,,9.5,,,,,,,10.0,47.0,105.0
36,3,Ali Leiataua,Warriors,Warriors vs Canberra Raiders,1,17.0,17.0,19.0,12.5,,,12.5,,,,,,,19.0,112.0,152.0
37,4,Adam Pompey,Warriors,Warriors vs Canberra Raiders,1,125.0,32.0,13.0,17.0,,,15.0,,,,,,,17.0,53.0,113.0
38,5,Roger Tuivasa-Sheck,Warriors,Warriors vs Canberra Raiders,1,234.0,12.83,10.0,8.25,,,10.0,,,,,,,10.0,78.0,100.0
39,6,Chanel Harris-Tavita,Warriors,Warriors vs Canberra Raiders,1,97.0,49.5,19.0,17.0,,,17.0,,,,,,,19.0,38.0,112.0
40,7,Tanah Boyd,Warriors,Warriors vs Canberra Raiders,1,93.0,,34.0,23.0,,,19.0,,,,,,,34.0,,148.0
41,8,James Fisher-Harris,Warriors,Warriors vs Canberra Raiders,1,223.0,77.0,41.0,41.0,,,51.0,,,,,,,51.0,66.0,124.0
42,9,Wayde Egan,Warriors,Warriors vs Canberra Raiders,1,152.0,154.0,41.0,29.0,,,23.0,,,,,,,41.0,27.0,141.0
43,10,Jackson Ford,Warriors,Warriors vs Canberra Raiders,1,100.0,105.0,41.0,34.0,,,34.0,,,,,,,41.0,39.0,121.0
44,11,Kurt Capewell,Warriors,Warriors vs Canberra Raiders,1,180.0,60.0,21.0,23.0,,,19.0,,,,,,,23.0,38.0,110.0
45,12,Jacob Laban,Warriors,Warriors vs Canberra Raiders,1,25.0,12.5,21.0,29.0,,,26.0,,,,,,,29.0,232.0,112.0
46,13,Erin Clark,Warriors,Warriors vs Canberra Raiders,1,122.0,,41.0,41.0,,,41.0,,,,,,,41.0,,100.0
47,14,Samuel Healey,Warriors,Warriors vs Canberra Raiders,1,13.0,,34.0,41.0,,,31.0,,,,,,,41.0,,121.0
48,15,Demitric Sifakula,Warriors,Warriors vs Canberra Raiders,1,35.0,37.0,67.0,51.0,,,46.0,,,,,,,67.0,181.0,131.0
49,16,Leka Halasima,Warriors,Warriors vs Canberra Raiders,1,30.0,8.0,19.0,17.0,,,14.0,,,,,,,19.0,238.0,112.0
50,17,Tanner Stowers-Smith,Warriors,Warriors vs Canberra Raiders,1,15.0,,67.0,34.0,,,,,,,,,,67.0,,197.0
51,1,Kaeo Weekes,Canberra Raiders,Warriors vs Canberra Raiders,1,66.0,17.75,13.0,13.0,,,13.0,,,,,,,13.0,73.0,100.0
52,2,Savelio Tamale,Canberra Raiders,Warriors vs Canberra Raiders,1,20.0,12.0,10.0,10.0,,,11.5,,,,,,,11.5,96.0,115.0
53,3,Simi Sasagi,Canberra Raiders,Warriors vs Canberra Raiders,1,64.0,24.67,17.0,19.0,,,16.0,,,,,,,19.0,77.0,112.0
54,4,Sebastian Kris,Canberra Raiders,Warriors vs Canberra Raiders,1,112.0,13.11,21.0,16.0,,,14.0,,,,,,,21.0,160.0,131.0
55,5,Xavier Savage,Canberra Raiders,Warriors vs Canberra Raiders,1,74.0,37.5,10.0,8.75,,,9.5,,,,,,,10.0,27.0,105.0
56,6,Ethan Strange,Canberra Raiders,Warriors vs Canberra Raiders,1,48.0,50.0,13.0,15.0,,,13.0,,,,,,,15.0,30.0,115.0
57,7,Ethan Sanders,Canberra Raiders,Warriors vs Canberra Raiders,1,7.0,,21.0,26.0,,,21.0,,,,,,,26.0,,124.0
58,8,Morgan Smithies,Canberra Raiders,Warriors vs Canberra Raiders,1,50.0,,41.0,67.0,,,51.0,,,,,,,67.0,,131.0
59,9,Tom Starling,Canberra Raiders,Warriors vs Canberra Raiders,1,134.0,35.0,41.0,34.0,,,34.0,,,,,,,41.0,117.0,121.0
60,10,Joseph Tapine,Canberra Raiders,Warriors vs Canberra Raiders,1,237.0,55.25,41.0,41.0,,,46.0,,,,,,,46.0,83.0,112.0
61,11,Hudson Young,Canberra Raiders,Warriors vs Canberra Raiders,1,142.0,37.0,19.0,15.0,,,14.0,,,,,,,19.0,51.0,127.0
62,12,Noah Martin,Canberra Raiders,Warriors vs Canberra Raiders,1,13.0,13.0,19.0,17.0,,,18.0,,,,,,,19.0,146.0,106.0
63,13,Corey Horsburgh,Canberra Raiders,Warriors vs Canberra Raiders,1,113.0,,41.0,51.0,,,51.0,,,,,,,51.0,,100.0
64,14,Jayden Brailey,Canberra Raiders,Warriors vs Canberra Raiders,1,155.0,155.0,67.0,41.0,,,41.0,,,,,,,67.0,43.0,163.0
65,15,Zac Hosking,Canberra Raiders,Warriors vs Canberra Raiders,1,56.0,29.0,34.0,41.0,,,34.0,,,,,,,41.0,141.0,121.0
66,16,Ata Mariota,Canberra Raiders,Warriors vs Canberra Raiders,1,68.0,73.0,67.0,51.0,,,34.0,,,,,,,67.0,92.0,131.0
67,17,Matthew Timoko,Canberra Raiders,Warriors vs Canberra Raiders,1,111.0,24.8,15.0,19.0,,,,,,,,,,19.0,77.0,127.0
68,1,James Tedesco,Sydney Roosters,Sydney Roosters vs South Sydney Rabbitohs,2,277.0,14.56,13.0,10.0,,,11.5,,,,,,,13.0,89.0,113.0
69,2,Daniel Tupou,Sydney Roosters,Sydney Roosters vs South Sydney Rabbitohs,2,290.0,14.73,10.0,8.5,,,10.5,,,,,,,10.5,71.0,105.0
70,3,Billy Smith,Sydney Roosters,Sydney Roosters vs South Sydney Rabbitohs,2,48.0,8.5,17.0,14.0,,,13.0,,,,,,,17.0,200.0,121.0
71,4,Robert Toia,Sydney Roosters,Sydney Roosters vs South Sydney Rabbitohs,2,22.0,,17.0,15.0,,,13.0,,,,,,,17.0,,113.0
72,5,Mark Nawaqanitawase,Sydney Roosters,Sydney Roosters vs South Sydney Rabbitohs,2,26.0,9.33,8.0,7.5,,,9.0,,,,,,,9.0,96.0,112.0
73,6,Daly Cherry-Evans,Sydney Roosters,Sydney Roosters vs South Sydney Rabbitohs,2,353.0,20.55,21.0,26.0,,,23.0,,,,,,,26.0,127.0,113.0
74,7,Sam Walker,Sydney Roosters,Sydney Roosters vs South Sydney Rabbitohs,2,88.0,19.0,26.0,21.0,,,19.0,,,,,,,26.0,137.0,124.0
75,8,Naufahu Whyte,Sydney Roosters,Sydney Roosters vs South Sydney Rabbitohs,2,62.0,66.0,41.0,41.0,,,46.0,,,,,,,46.0,70.0,112.0
76,9,Benaiah Ioelu,Sydney Roosters,Sydney Roosters vs South Sydney Rabbitohs,2,13.0,,41.0,41.0,,,41.0,,,,,,,41.0,,100.0
77,10,Lindsay Collins,Sydney Roosters,Sydney Roosters vs South Sydney Rabbitohs,2,130.0,46.67,41.0,51.0,,,51.0,,,,,,,51.0,109.0,100.0
78,11,Angus Crichton,Sydney Roosters,Sydney Roosters vs South Sydney Rabbitohs,2,199.0,51.25,17.0,15.0,,,14.0,,,,,,,17.0,33.0,113.0
79,12,Siua Wong,Sydney Roosters,Sydney Roosters vs South Sydney Rabbitohs,2,41.0,,21.0,26.0,,,29.0,,,,,,,29.0,,112.0
80,13,Egan Butcher,Sydney Roosters,Sydney Roosters vs South Sydney Rabbitohs,2,75.0,27.33,41.0,34.0,,,41.0,,,,,,,41.0,150.0,100.0
81,14,Connor Watson,Sydney Roosters,Sydney Roosters vs South Sydney Rabbitohs,2,171.0,29.17,51.0,34.0,,,29.0,,,,,,,51.0,175.0,150.0
82,15,Blake Steep,Sydney Roosters,Sydney Roosters vs South Sydney Rabbitohs,2,26.0,28.0,67.0,51.0,,,46.0,,,,,,,67.0,239.0,131.0
83,16,Nat Butcher,Sydney Roosters,Sydney Roosters vs South Sydney Rabbitohs,2,154.0,162.0,51.0,34.0,,,26.0,,,,,,,51.0,31.0,150.0
84,17,Salesi Foketi,Sydney Roosters,Sydney Roosters vs South Sydney Rabbitohs,2,20.0,20.0,67.0,26.0,,,,,,,,,,67.0,335.0,258.0
85,1,Jye Gray,South Sydney Rabbitohs,Sydney Roosters vs South Sydney Rabbitohs,2,34.0,,15.0,15.0,,,14.0,,,,,,,15.0,,100.0
86,2,Alex Johnston,South Sydney Rabbitohs,Sydney Roosters vs South Sydney Rabbitohs,2,244.0,8.28,8.5,6.4,,,7.75,,,,,,,8.5,103.0,110.0
87,3,Latrell Mitchell,South Sydney Rabbitohs,Sydney Roosters vs South Sydney Rabbitohs,2,183.0,14.23,15.0,11.0,,,12.0,,,,,,,15.0,105.0,125.0
88,4,Jack Wighton,South Sydney Rabbitohs,Sydney Roosters vs South Sydney Rabbitohs,2,279.0,23.89,19.0,19.0,,,18.0,,,,,,,19.0,80.0,100.0
89,5,Campbell Graham,South Sydney Rabbitohs,Sydney Roosters vs South Sydney Rabbitohs,2,143.0,8.76,11.0,9.0,,,10.0,,,,,,,11.0,126.0,110.0
90,6,Cody Walker,South Sydney Rabbitohs,Sydney Roosters vs South Sydney Rabbitohs,2,224.0,23.4,21.0,26.0,,,21.0,,,,,,,26.0,111.0,124.0
91,7,Jayden Sullivan,South Sydney Rabbitohs,Sydney Roosters vs South Sydney Rabbitohs,2,51.0,51.0,26.0,34.0,,,29.0,,,,,,,34.0,67.0,117.0
92,8,Tevita Tatola,South Sydney Rabbitohs,Sydney Roosters vs South Sydney Rabbitohs,2,160.0,168.0,51.0,51.0,,,51.0,,,,,,,51.0,30.0,100.0
93,9,Bronson Garlick,South Sydney Rabbitohs,Sydney Roosters vs South Sydney Rabbitohs,2,58.0,,34.0,41.0,,,46.0,,,,,,,46.0,,112.0
94,10,Keaon Koloamatangi,South Sydney Rabbitohs,Sydney Roosters vs South Sydney Rabbitohs,2,127.0,65.5,51.0,41.0,,,34.0,,,,,,,51.0,78.0,124.0
95,11,David Fifita,South Sydney Rabbitohs,Sydney Roosters vs South Sydney Rabbitohs,2,135.0,27.4,21.0,17.0,,,15.0,,,,,,,21.0,77.0,124.0
96,12,Euan Aitken,South Sydney Rabbitohs,Sydney Roosters vs South Sydney Rabbitohs,2,208.0,46.25,26.0,31.0,,,31.0,,,,,,,31.0,67.0,100.0
97,13,Cameron Murray,South Sydney Rabbitohs,Sydney Roosters vs South Sydney Rabbitohs,2,163.0,173.0,51.0,41.0,,,34.0,,,,,,,51.0,29.0,124.0
98,14,Peter Mamouzelos,South Sydney Rabbitohs,Sydney Roosters vs South Sydney Rabbitohs,2,47.0,,51.0,51.0,,,46.0,,,,,,,51.0,,100.0
99,15,Tallis Duncan,South Sydney Rabbitohs,Sydney Roosters vs South Sydney Rabbitohs,2,55.0,18.33,34.0,29.0,,,21.0,,,,,,,34.0,185.0,117.0
100,16,Lachlan Hubner,South Sydney Rabbitohs,Sydney Roosters vs South Sydney Rabbitohs,2,24.0,,51.0,41.0,,,34.0,,,,,,,51.0,,124.0
101,17,Sean Keppie,South Sydney Rabbitohs,Sydney Roosters vs South Sydney Rabbitohs,2,123.0,124.0,51.0,67.0,,,,,,,,,,67.0,54.0,131.0
102,1,Jahream Bula,Wests Tigers,Wests Tigers vs North Queensland Cowboys,3,57.0,19.0,9.0,11.0,,,11.5,,,,,,,11.5,61.0,105.0
103,2,Sunia Turuva,Wests Tigers,Wests Tigers vs North Queensland Cowboys,3,85.0,9.44,9.0,7.75,,,9.0,,,,,,,9.0,95.0,100.0
104,3,Taylan May,Wests Tigers,Wests Tigers vs North Queensland Cowboys,3,37.0,12.67,15.0,11.0,,,12.0,,,,,,,15.0,118.0,125.0
105,4,Heamasi Makasini,Wests Tigers,Wests Tigers vs North Queensland Cowboys,3,1.0,,13.0,10.0,,,11.0,,,,,,,13.0,,118.0
106,5,Luke Laulilii,Wests Tigers,Wests Tigers vs North Queensland Cowboys,3,10.0,,8.5,9.0,,,10.5,,,,,,,10.5,,117.0
107,6,Jarome Luai,Wests Tigers,Wests Tigers vs North Queensland Cowboys,3,153.0,39.25,34.0,26.0,,,21.0,,,,,,,34.0,87.0,131.0
108,7,Adam Doueihi,Wests Tigers,Wests Tigers vs North Queensland Cowboys,3,118.0,39.33,17.0,23.0,,,19.0,,,,,,,23.0,58.0,121.0
109,8,Terrell May,Wests Tigers,Wests Tigers vs North Queensland Cowboys,3,78.0,21.0,41.0,31.0,,,26.0,,,,,,,41.0,195.0,132.0
110,9,Apisai Koroisau,Wests Tigers,Wests Tigers vs North Queensland Cowboys,3,235.0,41.8,41.0,23.0,,,21.0,,,,,,,41.0,98.0,178.0
111,10,Fonua Pole,Wests Tigers,Wests Tigers vs North Queensland Cowboys,3,77.0,77.0,41.0,31.0,,,31.0,,,,,,,41.0,53.0,132.0
112,11,Samuela Fainu,Wests Tigers,Wests Tigers vs North Queensland Cowboys,3,52.0,26.0,21.0,19.0,,,17.0,,,,,,,21.0,81.0,111.0
113,12,Kai Pearce-Paul,Wests Tigers,Wests Tigers vs North Queensland Cowboys,3,44.0,44.0,21.0,21.0,,,23.0,,,,,,,23.0,52.0,110.0
114,13,Alex Twal,Wests Tigers,Wests Tigers vs North Queensland Cowboys,3,165.0,,51.0,67.0,,,61.0,,,,,,,67.0,,110.0
115,14,Jock Madden,Wests Tigers,Wests Tigers vs North Queensland Cowboys,3,36.0,36.0,51.0,41.0,,,,,,,,,,51.0,142.0,124.0
116,15,Sione Fainu,Wests Tigers,Wests Tigers vs North Queensland Cowboys,3,36.0,,51.0,31.0,,,26.0,,,,,,,51.0,,165.0
117,16,Royce Hunt,Wests Tigers,Wests Tigers vs North Queensland Cowboys,3,93.0,,51.0,51.0,,,,,,,,,,51.0,,100.0
118,17,Alex Seyfarth,Wests Tigers,Wests Tigers vs North Queensland Cowboys,3,97.0,49.0,34.0,29.0,,,23.0,,,,,,,34.0,69.0,117.0
119,1,Scott Drinkwater,North Queensland Cowboys,Wests Tigers vs North Queensland Cowboys,3,148.0,21.14,15.0,15.0,,,13.0,,,,,,,15.0,71.0,100.0
120,2,Braidon Burns,North Queensland Cowboys,Wests Tigers vs North Queensland Cowboys,3,82.0,29.0,11.0,9.75,,,11.5,,,,,,,11.5,40.0,105.0
121,3,Jaxon Purdue,North Queensland Cowboys,Wests Tigers vs North Queensland Cowboys,3,36.0,12.0,17.0,12.5,,,13.0,,,,,,,17.0,142.0,131.0
122,4,Tom Chester,North Queensland Cowboys,Wests Tigers vs North Queensland Cowboys,3,17.0,17.0,21.0,17.0,,,16.0,,,,,,,21.0,124.0,124.0
123,5,Murray Taulagi,North Queensland Cowboys,Wests Tigers vs North Queensland Cowboys,3,109.0,12.11,10.0,8.25,,,10.0,,,,,,,10.0,83.0,100.0
124,6,Jake Clifford,North Queensland Cowboys,Wests Tigers vs North Queensland Cowboys,3,93.0,24.25,26.0,29.0,,,26.0,,,,,,,29.0,120.0,112.0
125,7,Tom Dearden,North Queensland Cowboys,Wests Tigers vs North Queensland Cowboys,3,127.0,63.5,21.0,17.0,,,15.0,,,,,,,21.0,33.0,124.0
126,8,Coen Hess,North Queensland Cowboys,Wests Tigers vs North Queensland Cowboys,3,187.0,31.33,51.0,51.0,,,51.0,,,,,,,51.0,163.0,100.0
127,9,Reed Mahoney,North Queensland Cowboys,Wests Tigers vs North Queensland Cowboys,3,176.0,44.5,51.0,34.0,,,34.0,,,,,,,51.0,115.0,150.0
128,10,Jason Taumalolo,North Queensland Cowboys,Wests Tigers vs North Queensland Cowboys,3,286.0,51.5,51.0,41.0,,,51.0,,,,,,,51.0,99.0,100.0
129,11,Heilum Luki,North Queensland Cowboys,Wests Tigers vs North Queensland Cowboys,3,58.0,14.5,26.0,19.0,,,18.0,,,,,,,26.0,179.0,137.0
130,12,Sam McIntyre,North Queensland Cowboys,Wests Tigers vs North Queensland Cowboys,3,86.0,91.0,21.0,31.0,,,34.0,,,,,,,34.0,37.0,110.0
131,13,Reuben Cotter,North Queensland Cowboys,Wests Tigers vs North Queensland Cowboys,3,101.0,,51.0,51.0,,,51.0,,,,,,,51.0,,100.0
132,14,Soni Luke,North Queensland Cowboys,Wests Tigers vs North Queensland Cowboys,3,30.0,31.0,67.0,41.0,,,,,,,,,,67.0,216.0,163.0
133,15,Kai O'Donnell,North Queensland Cowboys,Wests Tigers vs North Queensland Cowboys,3,26.0,30.0,51.0,41.0,,,34.0,,,,,,,51.0,170.0,124.0
134,16,Griffin Neame,North Queensland Cowboys,Wests Tigers vs North Queensland Cowboys,3,91.0,18.2,67.0,51.0,,,46.0,,,,,,,67.0,368.0,131.0
135,17,Matthew Lodge,North Queensland Cowboys,Wests Tigers vs North Queensland Cowboys,3,134.0,,67.0,51.0,,,51.0,,,,,,,67.0,,131.0
136,1,Clinton Gutherson,St. George Illawarra Dragons,St. George Illawarra Dragons vs Melbourne Storm,4,236.0,15.53,19.0,14.0,,,13.0,,,,,,,19.0,122.0,136.0
137,2,Christian Tuipulotu,St. George Illawarra Dragons,St. George Illawarra Dragons vs Melbourne Storm,4,56.0,9.67,11.0,10.5,,,11.5,,,,,,,11.5,119.0,105.0
138,3,Moses Suli,St. George Illawarra Dragons,St. George Illawarra Dragons vs Melbourne Storm,4,158.0,55.67,21.0,21.0,,,19.0,,,,,,,21.0,38.0,100.0
139,4,Valentine Holmes,St. George Illawarra Dragons,St. George Illawarra Dragons vs Melbourne Storm,4,218.0,13.5,19.0,14.0,,,13.0,,,,,,,19.0,141.0,136.0
140,5,Setu Tu,St. George Illawarra Dragons,St. George Illawarra Dragons vs Melbourne Storm,4,1.0,,10.0,9.25,,,10.0,,,,,,,10.0,,100.0
141,6,Kyle Flanagan,St. George Illawarra Dragons,St. George Illawarra Dragons vs Melbourne Storm,4,124.0,32.0,26.0,29.0,,,26.0,,,,,,,29.0,91.0,112.0
142,7,Daniel Atkinson,St. George Illawarra Dragons,St. George Illawarra Dragons vs Melbourne Storm,4,53.0,,34.0,26.0,,,23.0,,,,,,,34.0,,131.0
143,8,Emre Guler,St. George Illawarra Dragons,St. George Illawarra Dragons vs Melbourne Storm,4,112.0,,67.0,41.0,,,46.0,,,,,,,67.0,,146.0
144,9,Damien Cook,St. George Illawarra Dragons,St. George Illawarra Dragons vs Melbourne Storm,4,241.0,80.67,34.0,31.0,,,26.0,,,,,,,34.0,42.0,110.0
145,10,Toby Couchman,St. George Illawarra Dragons,St. George Illawarra Dragons vs Melbourne Storm,4,46.0,23.0,51.0,51.0,,,61.0,,,,,,,61.0,265.0,120.0
146,11,Luciano Leilua,St. George Illawarra Dragons,St. George Illawarra Dragons vs Melbourne Storm,4,166.0,85.0,34.0,31.0,,,31.0,,,,,,,34.0,40.0,110.0
147,12,Jaydn Su'A,St. George Illawarra Dragons,St. George Illawarra Dragons vs Melbourne Storm,4,155.0,26.67,21.0,26.0,,,23.0,,,,,,,26.0,97.0,113.0
148,13,Hamish Stewart,St. George Illawarra Dragons,St. George Illawarra Dragons vs Melbourne Storm,4,21.0,,41.0,51.0,,,51.0,,,,,,,51.0,,100.0
149,14,Hame Sele,St. George Illawarra Dragons,St. George Illawarra Dragons vs Melbourne Storm,4,93.0,97.0,51.0,51.0,,,51.0,,,,,,,51.0,53.0,100.0
150,15,Josh Kerr,St. George Illawarra Dragons,St. George Illawarra Dragons vs Melbourne Storm,4,120.0,,51.0,51.0,,,41.0,,,,,,,51.0,,100.0
151,16,Blake Lawrie,St. George Illawarra Dragons,St. George Illawarra Dragons vs Melbourne Storm,4,164.0,,81.0,67.0,,,,,,,,,,81.0,,121.0
152,17,Ryan Couchman,St. George Illawarra Dragons,St. George Illawarra Dragons vs Melbourne Storm,4,19.0,,51.0,51.0,,,41.0,,,,,,,51.0,,100.0
153,1,Sualauvi Faalogo,Melbourne Storm,St. George Illawarra Dragons vs Melbourne Storm,4,26.0,13.0,10.0,8.25,,,10.0,,,,,,,10.0,77.0,100.0
154,2,Will Warbrick,Melbourne Storm,St. George Illawarra Dragons vs Melbourne Storm,4,57.0,15.25,8.0,7.0,,,8.25,,,,,,,8.25,54.0,103.0
155,3,Jack Howarth,Melbourne Storm,St. George Illawarra Dragons vs Melbourne Storm,4,38.0,,17.0,15.0,,,13.0,,,,,,,17.0,,113.0
156,4,Moses Leo,Melbourne Storm,St. George Illawarra Dragons vs Melbourne Storm,4,3.0,,13.0,13.0,,,13.0,,,,,,,13.0,,100.0
157,5,Nick Meaney,Melbourne Storm,St. George Illawarra Dragons vs Melbourne Storm,4,160.0,14.91,9.0,7.75,,,9.25,,,,,,,9.25,62.0,103.0
158,6,Cameron Munster,Melbourne Storm,St. George Illawarra Dragons vs Melbourne Storm,4,237.0,55.25,21.0,17.0,,,17.0,,,,,,,21.0,38.0,124.0
159,7,Jahrome Hughes,Melbourne Storm,St. George Illawarra Dragons vs Melbourne Storm,4,171.0,13.23,17.0,15.0,,,14.0,,,,,,,17.0,128.0,113.0
160,8,Stefano Utoikamanu,Melbourne Storm,St. George Illawarra Dragons vs Melbourne Storm,4,104.0,104.0,34.0,41.0,,,41.0,,,,,,,41.0,39.0,100.0
161,9,Harry Grant,Melbourne Storm,St. George Illawarra Dragons vs Melbourne Storm,4,121.0,41.67,19.0,15.0,,,14.0,,,,,,,19.0,46.0,127.0
162,10,Josh King,Melbourne Storm,St. George Illawarra Dragons vs Melbourne Storm,4,183.0,63.0,41.0,41.0,,,46.0,,,,,,,46.0,73.0,112.0
163,11,Joe Chan,Melbourne Storm,St. George Illawarra Dragons vs Melbourne Storm,4,34.0,34.0,21.0,19.0,,,19.0,,,,,,,21.0,62.0,111.0
164,12,Ativalu Lisati,Melbourne Storm,St. George Illawarra Dragons vs Melbourne Storm,4,19.0,,21.0,26.0,,,26.0,,,,,,,26.0,,100.0
165,13,Tui Kamikamica,Melbourne Storm,St. George Illawarra Dragons vs Melbourne Storm,4,139.0,71.5,41.0,67.0,,,67.0,,,,,,,67.0,94.0,100.0
166,14,Tyran Wishart,Melbourne Storm,St. George Illawarra Dragons vs Melbourne Storm,4,91.0,,21.0,21.0,,,19.0,,,,,,,21.0,,100.0
167,15,Cooper Clarke,Melbourne Storm,St. George Illawarra Dragons vs Melbourne Storm,4,1.0,,21.0,34.0,,,31.0,,,,,,,34.0,,110.0
168,16,Jack Hetherington,Melbourne Storm,St. George Illawarra Dragons vs Melbourne Storm,4,99.0,101.0,41.0,41.0,,,34.0,,,,,,,41.0,41.0,100.0
169,17,Davvy Moale,Melbourne Storm,St. George Illawarra Dragons vs Melbourne Storm,4,77.0,,41.0,34.0,,,,,,,,,,41.0,,121.0
170,1,Dylan Edwards,Penrith Panthers,Penrith Panthers vs Cronulla-Sutherland Sharks,5,172.0,13.38,13.0,11.0,,,12.0,,,,,,,13.0,97.0,108.0
171,2,Thomas Jenkins,Penrith Panthers,Penrith Panthers vs Cronulla-Sutherland Sharks,5,35.0,12.33,7.5,7.25,,,8.25,,,,,,,8.25,67.0,110.0
172,3,Paul Alamoti,Penrith Panthers,Penrith Panthers vs Cronulla-Sutherland Sharks,5,60.0,15.5,13.0,12.0,,,12.5,,,,,,,13.0,84.0,104.0
173,4,Casey McLean,Penrith Panthers,Penrith Panthers vs Cronulla-Sutherland Sharks,5,37.0,19.5,11.0,8.25,,,9.25,,,,,,,11.0,56.0,119.0
174,5,Brian To'o,Penrith Panthers,Penrith Panthers vs Cronulla-Sutherland Sharks,5,134.0,11.5,9.0,7.5,,,9.0,,,,,,,9.0,78.0,100.0
175,6,Blaize Talagi,Penrith Panthers,Penrith Panthers vs Cronulla-Sutherland Sharks,5,46.0,24.0,21.0,19.0,,,16.0,,,,,,,21.0,88.0,111.0
176,7,Nathan Cleary,Penrith Panthers,Penrith Panthers vs Cronulla-Sutherland Sharks,5,195.0,22.11,19.0,17.0,,,15.0,,,,,,,19.0,86.0,112.0
177,8,Moses Leota,Penrith Panthers,Penrith Panthers vs Cronulla-Sutherland Sharks,5,203.0,105.5,41.0,51.0,,,51.0,,,,,,,51.0,48.0,100.0
178,9,Mitchell Kenny,Penrith Panthers,Penrith Panthers vs Cronulla-Sutherland Sharks,5,130.0,,41.0,34.0,,,34.0,,,,,,,41.0,,121.0
179,10,Lindsay Smith,Penrith Panthers,Penrith Panthers vs Cronulla-Sutherland Sharks,5,84.0,86.0,34.0,41.0,,,46.0,,,,,,,46.0,53.0,112.0
180,11,Isaiah Papali'i,Penrith Panthers,Penrith Panthers vs Cronulla-Sutherland Sharks,5,179.0,20.33,19.0,19.0,,,18.0,,,,,,,19.0,93.0,100.0
181,12,Luke Garner,Penrith Panthers,Penrith Panthers vs Cronulla-Sutherland Sharks,5,136.0,34.5,19.0,19.0,,,18.0,,,,,,,19.0,55.0,100.0
182,13,Isaah Yeo,Penrith Panthers,Penrith Panthers vs Cronulla-Sutherland Sharks,5,267.0,81.33,34.0,34.0,,,34.0,,,,,,,34.0,42.0,100.0
183,14,Jack Cogger,Penrith Panthers,Penrith Panthers vs Cronulla-Sutherland Sharks,5,102.0,51.0,26.0,31.0,,,,,,,,,,31.0,61.0,119.0
184,15,Billy Phillips,Penrith Panthers,Penrith Panthers vs Cronulla-Sutherland Sharks,5,2.0,,21.0,51.0,,,46.0,,,,,,,51.0,,111.0
185,16,Scott Sorensen,Penrith Panthers,Penrith Panthers vs Cronulla-Sutherland Sharks,5,140.0,139.0,21.0,26.0,,,21.0,,,,,,,26.0,19.0,124.0
186,17,Kalani Going,Penrith Panthers,Penrith Panthers vs Cronulla-Sutherland Sharks,5,3.0,,21.0,34.0,,,29.0,,,,,,,34.0,,117.0
187,1,William Kennedy,Cronulla-Sutherland Sharks,Penrith Panthers vs Cronulla-Sutherland Sharks,5,135.0,47.0,19.0,19.0,,,19.0,,,,,,,19.0,40.0,100.0
188,2,Sione A. Katoa,Cronulla-Sutherland Sharks,Penrith Panthers vs Cronulla-Sutherland Sharks,5,129.0,,13.0,10.0,,,12.0,,,,,,,13.0,,108.0
189,3,Jesse Ramien,Cronulla-Sutherland Sharks,Penrith Panthers vs Cronulla-Sutherland Sharks,5,171.0,25.29,21.0,19.0,,,17.0,,,,,,,21.0,83.0,111.0
190,4,Kayal Iro,Cronulla-Sutherland Sharks,Penrith Panthers vs Cronulla-Sutherland Sharks,5,46.0,46.0,17.0,15.0,,,14.0,,,,,,,17.0,37.0,113.0
191,5,Samuel Stonestreet,Cronulla-Sutherland Sharks,Penrith Panthers vs Cronulla-Sutherland Sharks,5,19.0,4.75,13.0,11.5,,,12.5,,,,,,,13.0,274.0,104.0
192,6,Braydon Trindall,Cronulla-Sutherland Sharks,Penrith Panthers vs Cronulla-Sutherland Sharks,5,106.0,19.0,21.0,26.0,,,23.0,,,,,,,26.0,137.0,113.0
193,7,Nicho Hynes,Cronulla-Sutherland Sharks,Penrith Panthers vs Cronulla-Sutherland Sharks,5,130.0,69.0,26.0,26.0,,,23.0,,,,,,,26.0,38.0,100.0
194,8,Addin Fonua-Blake,Cronulla-Sutherland Sharks,Penrith Panthers vs Cronulla-Sutherland Sharks,5,210.0,,34.0,29.0,,,29.0,,,,,,,34.0,,117.0
195,9,Blayke Brailey,Cronulla-Sutherland Sharks,Penrith Panthers vs Cronulla-Sutherland Sharks,5,165.0,43.25,41.0,51.0,,,61.0,,,,,,,61.0,141.0,120.0
196,10,Thomas Hazelton,Cronulla-Sutherland Sharks,Penrith Panthers vs Cronulla-Sutherland Sharks,5,59.0,63.0,51.0,41.0,,,41.0,,,,,,,51.0,81.0,124.0
197,11,Briton Nikora,Cronulla-Sutherland Sharks,Penrith Panthers vs Cronulla-Sutherland Sharks,5,160.0,21.0,26.0,19.0,,,16.0,,,,,,,26.0,124.0,137.0
198,12,Billy Burns,Cronulla-Sutherland Sharks,Penrith Panthers vs Cronulla-Sutherland Sharks,5,73.0,78.0,34.0,34.0,,,34.0,,,,,,,34.0,44.0,100.0
199,13,Jesse Colquhoun,Cronulla-Sutherland Sharks,Penrith Panthers vs Cronulla-Sutherland Sharks,5,32.0,,51.0,51.0,,,61.0,,,,,,,61.0,,120.0
200,14,Siosifa Talakai,Cronulla-Sutherland Sharks,Penrith Panthers vs Cronulla-Sutherland Sharks,5,134.0,34.5,34.0,34.0,,,31.0,,,,,,,34.0,99.0,100.0
201,15,Toby Rudolf,Cronulla-Sutherland Sharks,Penrith Panthers vs Cronulla-Sutherland Sharks,5,120.0,,51.0,51.0,,,51.0,,,,,,,51.0,,100.0
202,16,Oregon Kaufusi,Cronulla-Sutherland Sharks,Penrith Panthers vs Cronulla-Sutherland Sharks,5,140.0,145.0,51.0,51.0,,,51.0,,,,,,,51.0,35.0,100.0
203,17,Braden Uele,Cronulla-Sutherland Sharks,Penrith Panthers vs Cronulla-Sutherland Sharks,5,133.0,34.25,51.0,41.0,,,,,,,,,,51.0,149.0,124.0
204,1,Tom Trbojevic,Manly-Warringah Sea Eagles,Manly-Warringah Sea Eagles vs Newcastle Knights,6,171.0,10.8,10.0,9.75,,,9.75,,,,,,,10.0,93.0,103.0
205,2,Jason Saab,Manly-Warringah Sea Eagles,Manly-Warringah Sea Eagles vs Newcastle Knights,6,107.0,11.89,9.0,8.25,,,9.0,,,,,,,9.0,76.0,100.0
206,3,Tolutau Koula,Manly-Warringah Sea Eagles,Manly-Warringah Sea Eagles vs Newcastle Knights,6,84.0,21.0,13.0,9.75,,,10.0,,,,,,,13.0,62.0,130.0
207,4,Reuben Garrick,Manly-Warringah Sea Eagles,Manly-Warringah Sea Eagles vs Newcastle Knights,6,158.0,11.29,15.0,13.0,,,12.5,,,,,,,15.0,133.0,115.0
208,5,Lehi Hopoate,Manly-Warringah Sea Eagles,Manly-Warringah Sea Eagles vs Newcastle Knights,6,37.0,18.5,10.0,9.0,,,9.25,,,,,,,10.0,54.0,108.0
209,6,Luke Brooks,Manly-Warringah Sea Eagles,Manly-Warringah Sea Eagles vs Newcastle Knights,6,256.0,52.75,19.0,29.0,,,23.0,,,,,,,29.0,55.0,126.0
210,7,Jamal Fogarty,Manly-Warringah Sea Eagles,Manly-Warringah Sea Eagles vs Newcastle Knights,6,119.0,61.5,34.0,31.0,,,29.0,,,,,,,34.0,55.0,110.0
211,8,Taniela Paseka,Manly-Warringah Sea Eagles,Manly-Warringah Sea Eagles vs Newcastle Knights,6,127.0,,41.0,34.0,,,34.0,,,,,,,41.0,,121.0
212,9,Jake Simpkin,Manly-Warringah Sea Eagles,Manly-Warringah Sea Eagles vs Newcastle Knights,6,75.0,,34.0,29.0,,,23.0,,,,,,,34.0,,117.0
213,10,Kobe Hetherington,Manly-Warringah Sea Eagles,Manly-Warringah Sea Eagles vs Newcastle Knights,6,106.0,,41.0,41.0,,,41.0,,,,,,,41.0,,100.0
214,11,Haumole Olakau'atu,Manly-Warringah Sea Eagles,Manly-Warringah Sea Eagles vs Newcastle Knights,6,110.0,22.0,17.0,12.5,,,12.0,,,,,,,17.0,77.0,136.0
215,12,Ben Trbojevic,Manly-Warringah Sea Eagles,Manly-Warringah Sea Eagles vs Newcastle Knights,6,76.0,78.0,21.0,21.0,,,17.0,,,,,,,21.0,27.0,100.0
216,13,Jake Trbojevic,Manly-Warringah Sea Eagles,Manly-Warringah Sea Eagles vs Newcastle Knights,6,242.0,72.67,51.0,67.0,,,51.0,,,,,,,67.0,92.0,131.0
217,14,Joey Walsh,Manly-Warringah Sea Eagles,Manly-Warringah Sea Eagles vs Newcastle Knights,6,3.0,,26.0,34.0,,,,,,,,,,34.0,,131.0
218,15,Nathan Brown,Manly-Warringah Sea Eagles,Manly-Warringah Sea Eagles vs Newcastle Knights,6,184.0,182.0,51.0,51.0,,,,,,,,,,51.0,28.0,100.0
219,16,Ethan Bullemor,Manly-Warringah Sea Eagles,Manly-Warringah Sea Eagles vs Newcastle Knights,6,114.0,116.0,34.0,29.0,,,,,,,,,,34.0,29.0,117.0
220,17,Paul Bryan,Manly-Warringah Sea Eagles,Manly-Warringah Sea Eagles vs Newcastle Knights,6,3.0,,26.0,31.0,,,,,,,,,,31.0,,119.0
221,1,Kalyn Ponga,Newcastle Knights,Manly-Warringah Sea Eagles vs Newcastle Knights,6,147.0,21.0,13.0,12.0,,,13.0,,,,,,,13.0,62.0,100.0
222,2,Dominic Young,Newcastle Knights,Manly-Warringah Sea Eagles vs Newcastle Knights,6,93.0,9.5,10.0,9.0,,,9.5,,,,,,,10.0,105.0,105.0
223,3,Dane Gagai,Newcastle Knights,Manly-Warringah Sea Eagles vs Newcastle Knights,6,315.0,21.27,21.0,21.0,,,16.0,,,,,,,21.0,99.0,100.0
224,4,Bradman Best,Newcastle Knights,Manly-Warringah Sea Eagles vs Newcastle Knights,6,106.0,12.0,19.0,13.0,,,12.5,,,,,,,19.0,158.0,146.0
225,5,Greg Marzhew,Newcastle Knights,Manly-Warringah Sea Eagles vs Newcastle Knights,6,88.0,15.0,10.0,9.75,,,10.5,,,,,,,10.5,70.0,105.0
226,6,Sandon Smith,Newcastle Knights,Manly-Warringah Sea Eagles vs Newcastle Knights,6,53.0,,26.0,31.0,,,29.0,,,,,,,31.0,,107.0
227,7,Dylan Brown,Newcastle Knights,Manly-Warringah Sea Eagles vs Newcastle Knights,6,143.0,29.0,26.0,23.0,,,19.0,,,,,,,26.0,90.0,113.0
228,8,Jacob Saifiti,Newcastle Knights,Manly-Warringah Sea Eagles vs Newcastle Knights,6,175.0,87.5,51.0,51.0,,,46.0,,,,,,,51.0,58.0,100.0
229,9,Phoenix Crossland,Newcastle Knights,Manly-Warringah Sea Eagles vs Newcastle Knights,6,109.0,113.0,34.0,41.0,,,34.0,,,,,,,41.0,36.0,121.0
230,10,Trey Mooney,Newcastle Knights,Manly-Warringah Sea Eagles vs Newcastle Knights,6,32.0,,51.0,41.0,,,34.0,,,,,,,51.0,,124.0
231,11,Dylan Lucas,Newcastle Knights,Manly-Warringah Sea Eagles vs Newcastle Knights,6,52.0,13.5,21.0,16.0,,,14.0,,,,,,,21.0,156.0,131.0
232,12,Jermaine McEwen,Newcastle Knights,Manly-Warringah Sea Eagles vs Newcastle Knights,6,18.0,,26.0,26.0,,,21.0,,,,,,,26.0,,100.0
233,13,Tyson Frizell,Newcastle Knights,Manly-Warringah Sea Eagles vs Newcastle Knights,6,282.0,54.0,51.0,41.0,,,41.0,,,,,,,51.0,94.0,124.0
234,14,Thomas Cant,Newcastle Knights,Manly-Warringah Sea Eagles vs Newcastle Knights,6,37.0,,34.0,34.0,,,,,,,,,,34.0,,100.0
235,15,Matt Croker,Newcastle Knights,Manly-Warringah Sea Eagles vs Newcastle Knights,6,87.0,44.5,51.0,34.0,,,,,,,,,,51.0,115.0,150.0
236,16,Pasami Saulo,Newcastle Knights,Manly-Warringah Sea Eagles vs Newcastle Knights,6,62.0,,51.0,34.0,,,,,,,,,,51.0,,150.0
237,17,Francis Manuleleua,Newcastle Knights,Manly-Warringah Sea Eagles vs Newcastle Knights,6,,,26.0,34.0,,,,,,,,,,34.0,,131.0
238,1,Hamiso Tabuai-Fidow,Dolphins,Dolphins vs Gold Coast Titans,7,108.0,18.0,10.0,7.25,,,8.5,,,,,,,10.0,56.0,118.0
239,2,Jamayne Isaako,Dolphins,Dolphins vs Gold Coast Titans,7,163.0,16.3,9.0,7.75,,,9.75,,,,,,,9.75,60.0,108.0
240,3,Jake Averillo,Dolphins,Dolphins vs Gold Coast Titans,7,127.0,18.29,13.0,12.5,,,13.0,,,,,,,13.0,71.0,100.0
241,4,Herbie Farnworth,Dolphins,Dolphins vs Gold Coast Titans,7,119.0,17.0,11.0,9.0,,,10.0,,,,,,,11.0,65.0,110.0
242,5,Selwyn Cobbo,Dolphins,Dolphins vs Gold Coast Titans,7,84.0,9.44,8.5,6.8,,,8.25,,,,,,,8.5,90.0,103.0
243,6,Kodi Nikorima,Dolphins,Dolphins vs Gold Coast Titans,7,224.0,23.89,19.0,21.0,,,17.0,,,,,,,21.0,88.0,111.0
244,7,Isaiya Katoa,Dolphins,Dolphins vs Gold Coast Titans,7,70.0,,26.0,26.0,,,26.0,,,,,,,26.0,,100.0
245,8,Tom Gilbert,Dolphins,Dolphins vs Gold Coast Titans,7,69.0,69.0,41.0,51.0,,,51.0,,,,,,,51.0,74.0,100.0
246,9,Brad Schneider,Dolphins,Dolphins vs Gold Coast Titans,7,58.0,30.0,26.0,29.0,,,26.0,,,,,,,29.0,97.0,112.0
247,10,Thomas Flegler,Dolphins,Dolphins vs Gold Coast Titans,7,101.0,101.0,41.0,41.0,,,46.0,,,,,,,46.0,46.0,112.0
248,11,Connelly Lemuelu,Dolphins,Dolphins vs Gold Coast Titans,7,89.0,15.33,21.0,19.0,,,18.0,,,,,,,21.0,137.0,111.0
249,12,Kulikefu Finefeuiaki,Dolphins,Dolphins vs Gold Coast Titans,7,58.0,29.0,21.0,21.0,,,21.0,,,,,,,21.0,72.0,100.0
250,13,Morgan Knowles,Dolphins,Dolphins vs Gold Coast Titans,7,1.0,,34.0,41.0,,,51.0,,,,,,,51.0,,124.0
251,14,Max Plath,Dolphins,Dolphins vs Gold Coast Titans,7,35.0,35.0,26.0,41.0,,,34.0,,,,,,,41.0,117.0,121.0
252,15,Oryn Keeley,Dolphins,Dolphins vs Gold Coast Titans,7,37.0,,21.0,31.0,,,23.0,,,,,,,31.0,,135.0
253,16,Felise Kaufusi,Dolphins,Dolphins vs Gold Coast Titans,7,224.0,104.5,34.0,41.0,,,34.0,,,,,,,41.0,39.0,121.0
254,17,Ray Stone,Dolphins,Dolphins vs Gold Coast Titans,7,92.0,48.5,26.0,41.0,,,,,,,,,,41.0,85.0,158.0
255,1,Keano Kini,Gold Coast Titans,Dolphins vs Gold Coast Titans,7,32.0,32.0,19.0,13.0,,,13.0,,,,,,,19.0,59.0,146.0
256,2,Sialetili Faeamani,Gold Coast Titans,Dolphins vs Gold Coast Titans,7,1.0,,11.0,10.5,,,12.5,,,,,,,12.5,,114.0
257,3,Sosefo Fifita,Gold Coast Titans,Dolphins vs Gold Coast Titans,7,64.0,32.0,19.0,16.0,,,15.0,,,,,,,19.0,59.0,119.0
258,4,Max Feagai,Gold Coast Titans,Dolphins vs Gold Coast Titans,7,33.0,33.0,21.0,16.0,,,15.0,,,,,,,21.0,64.0,131.0
259,5,Phillip Sami,Gold Coast Titans,Dolphins vs Gold Coast Titans,7,145.0,14.6,11.0,9.5,,,11.0,,,,,,,11.0,75.0,100.0
260,6,Alexander Brimson,Gold Coast Titans,Dolphins vs Gold Coast Titans,7,136.0,22.67,21.0,23.0,,,19.0,,,,,,,23.0,101.0,110.0
261,7,Lachlan Ilias,Gold Coast Titans,Dolphins vs Gold Coast Titans,7,62.0,64.0,34.0,31.0,,,31.0,,,,,,,34.0,53.0,110.0
262,8,Moeaki Fotuaika,Gold Coast Titans,Dolphins vs Gold Coast Titans,7,164.0,,51.0,81.0,,,67.0,,,,,,,81.0,,121.0
263,9,Sam Verrills,Gold Coast Titans,Dolphins vs Gold Coast Titans,7,105.0,52.5,41.0,41.0,,,41.0,,,,,,,41.0,78.0,100.0
264,10,Tino Faasuamaleaui,Gold Coast Titans,Dolphins vs Gold Coast Titans,7,112.0,56.0,41.0,31.0,,,26.0,,,,,,,41.0,73.0,132.0
265,11,Arama Hau,Gold Coast Titans,Dolphins vs Gold Coast Titans,7,16.0,,26.0,29.0,,,31.0,,,,,,,31.0,,107.0
266,12,Beau Fermor,Gold Coast Titans,Dolphins vs Gold Coast Titans,7,93.0,32.0,21.0,19.0,,,18.0,,,,,,,21.0,66.0,111.0
267,13,Chris Randall,Gold Coast Titans,Dolphins vs Gold Coast Titans,7,100.0,50.0,51.0,51.0,,,51.0,,,,,,,51.0,102.0,100.0
268,14,Kurtis Morrin,Gold Coast Titans,Dolphins vs Gold Coast Titans,7,57.0,57.0,51.0,51.0,,,41.0,,,,,,,51.0,89.0,100.0
269,15,Tukimihia Simpkins,Gold Coast Titans,Dolphins vs Gold Coast Titans,7,10.0,,41.0,51.0,,,,,,,,,,51.0,,124.0
270,16,Klese Haas,Gold Coast Titans,Dolphins vs Gold Coast Titans,7,65.0,,51.0,51.0,,,51.0,,,,,,,51.0,,100.0
271,17,Cooper Bai,Gold Coast Titans,Dolphins vs Gold Coast Titans,7,3.0,,34.0,41.0,,,,,,,,,,41.0,,121.0
