,Number,Player,Team,Match,MatchOrder,Games,FTS Historical,FTS Model,Tab,Neds,Betright,Bet365,Sportsbet,Pointsbet,Dabble,Playup,Boombet,Bluebet,Unibet,Highest,Highest/Historical,Highest/Model,Market Value
0,1,Reece Walsh,Brisbane Broncos,Brisbane Broncos vs Parramatta Eels,0,96.0,13.71,14.81,9.0,7.5,4.25,7.5,7.5,,9.5,,,,,9.5,69.0,64.0,106.0
1,2,Josiah Karapani,Brisbane Broncos,Brisbane Broncos vs Parramatta Eels,0,29.0,,9.56,8.0,7.75,4.2,7.0,8.5,,8.5,,,,,8.5,,89.0,100.0
2,3,Kotoni Staggs,Brisbane Broncos,Brisbane Broncos vs Parramatta Eels,0,148.0,14.8,14.12,11.0,11.0,7.0,10.0,11.0,,11.0,,,,,11.0,74.0,78.0,100.0
3,4,Gehamat Shibasaki,Brisbane Broncos,Brisbane Broncos vs Parramatta Eels,0,57.0,11.4,14.18,10.0,10.5,6.5,10.0,10.0,,11.0,,,,,11.0,96.0,78.0,105.0
4,5,Deine Mariner,Brisbane Broncos,Brisbane Broncos vs Parramatta Eels,0,59.0,9.83,9.17,8.0,8.25,4.5,8.0,9.0,,9.0,,,,,9.0,92.0,98.0,100.0
5,6,Ezra Mam,Brisbane Broncos,Brisbane Broncos vs Parramatta Eels,0,70.0,35.0,26.21,17.0,15.0,9.5,17.0,14.0,,17.0,,,,,17.0,49.0,65.0,100.0
6,7,Adam Reynolds,Brisbane Broncos,Brisbane Broncos vs Parramatta Eels,0,310.0,70.75,32.54,21.0,23.0,18.0,34.0,23.0,,26.0,,,,,34.0,48.0,104.0,131.0
7,8,Corey Jensen,Brisbane Broncos,Brisbane Broncos vs Parramatta Eels,0,150.0,150.0,50.43,34.0,67.0,26.0,67.0,61.0,,67.0,,,,,67.0,45.0,133.0,100.0
8,9,Cory Paix,Brisbane Broncos,Brisbane Broncos vs Parramatta Eels,0,69.0,,47.25,34.0,41.0,23.0,41.0,21.0,,34.0,,,,,41.0,,87.0,100.0
9,10,Payne Haas,Brisbane Broncos,Brisbane Broncos vs Parramatta Eels,0,143.0,35.75,47.11,34.0,31.0,19.0,41.0,23.0,,34.0,,,,,41.0,115.0,87.0,121.0
10,11,Jack Gosiewski,Brisbane Broncos,Brisbane Broncos vs Parramatta Eels,0,95.0,31.67,26.3,19.0,31.0,15.0,29.0,26.0,,34.0,,,,,34.0,107.0,129.0,110.0
11,12,Jordan Riki,Brisbane Broncos,Brisbane Broncos vs Parramatta Eels,0,115.0,38.33,27.09,19.0,29.0,17.0,41.0,23.0,,26.0,,,,,41.0,107.0,151.0,141.0
12,13,Patrick Carrigan,Brisbane Broncos,Brisbane Broncos vs Parramatta Eels,0,131.0,131.0,56.29,34.0,41.0,29.0,67.0,46.0,,51.0,,,,,67.0,51.0,119.0,131.0
13,14,Ben Hunt,Brisbane Broncos,Brisbane Broncos vs Parramatta Eels,0,356.0,20.71,975.5,51.0,29.0,19.0,34.0,51.0,,34.0,,,,,51.0,246.0,5.0,100.0
14,15,Xavier Willison,Brisbane Broncos,Brisbane Broncos vs Parramatta Eels,0,53.0,53.0,803.58,41.0,29.0,19.0,41.0,51.0,,34.0,,,,,51.0,96.0,6.0,124.0
15,16,Ben Talty,Brisbane Broncos,Brisbane Broncos vs Parramatta Eels,0,11.0,11.0,713.14,21.0,34.0,29.0,67.0,,,41.0,,,,,67.0,609.0,9.0,163.0
16,17,Aublix Tawha,Brisbane Broncos,Brisbane Broncos vs Parramatta Eels,0,11.0,,853.71,15.0,51.0,26.0,67.0,,,41.0,,,,,67.0,,8.0,131.0
17,1,Isaiah Iongi,Parramatta Eels,Brisbane Broncos vs Parramatta Eels,0,24.0,,35.2,17.0,21.0,7.0,21.0,15.0,,19.0,,,,,21.0,,60.0,100.0
18,2,Bailey Simonsson,Parramatta Eels,Brisbane Broncos vs Parramatta Eels,0,104.0,26.0,20.6,13.0,12.5,4.0,12.0,12.0,,13.0,,,,,13.0,50.0,63.0,100.0
19,3,Will Penisini,Parramatta Eels,Brisbane Broncos vs Parramatta Eels,0,101.0,14.43,29.44,,,,26.0,,,,,,,,26.0,180.0,88.0,
20,4,Sean Russell,Parramatta Eels,Brisbane Broncos vs Parramatta Eels,0,65.0,10.83,29.81,26.0,21.0,7.0,21.0,17.0,,21.0,,,,,26.0,240.0,87.0,124.0
21,5,Josh Addo-Carr,Parramatta Eels,Brisbane Broncos vs Parramatta Eels,0,201.0,8.04,13.27,10.0,11.0,4.1,9.5,10.0,,10.0,,,,,11.0,137.0,83.0,110.0
22,6,Jonah Pezet,Parramatta Eels,Brisbane Broncos vs Parramatta Eels,0,19.0,,53.48,41.0,34.0,12.0,34.0,26.0,,34.0,,,,,41.0,,77.0,121.0
23,7,Mitchell Moses,Parramatta Eels,Brisbane Broncos vs Parramatta Eels,0,239.0,29.88,49.33,26.0,23.0,11.0,34.0,21.0,,26.0,,,,,34.0,114.0,69.0,131.0
24,8,Jack Williams,Parramatta Eels,Brisbane Broncos vs Parramatta Eels,0,146.0,,92.55,51.0,51.0,17.0,51.0,41.0,,51.0,,,,,51.0,,55.0,100.0
25,9,Ryley Smith,Parramatta Eels,Brisbane Broncos vs Parramatta Eels,0,23.0,,76.11,41.0,51.0,18.0,51.0,51.0,,51.0,,,,,51.0,,67.0,100.0
26,10,Junior Paulo,Parramatta Eels,Brisbane Broncos vs Parramatta Eels,0,277.0,52.8,93.82,51.0,67.0,23.0,67.0,56.0,,67.0,,,,,67.0,127.0,71.0,100.0
27,11,Kelma Tuilagi,Parramatta Eels,Brisbane Broncos vs Parramatta Eels,0,73.0,,48.68,34.0,41.0,15.0,41.0,31.0,,41.0,,,,,41.0,,84.0,100.0
28,12,Kitione Kautoga,Parramatta Eels,Brisbane Broncos vs Parramatta Eels,0,19.0,19.0,46.83,34.0,34.0,13.0,34.0,26.0,,34.0,,,,,34.0,179.0,73.0,100.0
29,13,Jack de Belin,Parramatta Eels,Brisbane Broncos vs Parramatta Eels,0,231.0,115.5,91.72,81.0,67.0,26.0,81.0,51.0,,67.0,,,,,81.0,70.0,88.0,100.0
30,14,Dylan Walker,Parramatta Eels,Brisbane Broncos vs Parramatta Eels,0,253.0,23.0,1631.41,41.0,51.0,21.0,81.0,101.0,,67.0,,,,,101.0,439.0,6.0,125.0
31,15,Sam Tuivaiti,Parramatta Eels,Brisbane Broncos vs Parramatta Eels,0,11.0,,1467.95,81.0,67.0,26.0,81.0,,,67.0,,,,,81.0,,6.0,100.0
32,16,Matt Doorey,Parramatta Eels,Brisbane Broncos vs Parramatta Eels,0,54.0,54.0,1616.22,81.0,67.0,26.0,81.0,101.0,,67.0,,,,,101.0,187.0,6.0,125.0
33,17,Tallyn Da Silva,Parramatta Eels,Brisbane Broncos vs Parramatta Eels,0,36.0,,1385.05,67.0,67.0,21.0,51.0,101.0,,51.0,,,,,101.0,,7.0,151.0
34,1,Charnze Nicoll-Klokstad,Warriors,Warriors vs Canberra Raiders,1,138.0,27.6,23.58,15.0,16.0,7.0,15.0,14.0,,17.0,,,,,17.0,62.0,72.0,106.0
35,2,Dallin Watene-Zelezniak,Warriors,Warriors vs Canberra Raiders,1,229.0,15.27,13.07,9.0,9.25,4.0,10.0,9.0,,10.0,,,,,10.0,65.0,77.0,100.0
36,3,Ali Leiataua,Warriors,Warriors vs Canberra Raiders,1,17.0,,20.58,19.0,14.0,7.0,17.0,13.0,,17.0,,,,,19.0,,92.0,112.0
37,4,Adam Pompey,Warriors,Warriors vs Canberra Raiders,1,125.0,13.89,18.83,13.0,19.0,6.5,17.0,14.0,,17.0,,,,,19.0,137.0,101.0,112.0
38,5,Roger Tuivasa-Sheck,Warriors,Warriors vs Canberra Raiders,1,234.0,28.5,10.49,10.0,9.25,4.25,10.0,9.5,,10.0,,,,,10.0,35.0,95.0,100.0
39,6,Chanel Harris-Tavita,Warriors,Warriors vs Canberra Raiders,1,97.0,48.5,27.4,19.0,19.0,10.0,21.0,15.0,,21.0,,,,,21.0,43.0,77.0,100.0
40,7,Tanah Boyd,Warriors,Warriors vs Canberra Raiders,1,93.0,46.5,35.74,34.0,26.0,18.0,41.0,21.0,,26.0,,,,,41.0,88.0,115.0,121.0
41,8,James Fisher-Harris,Warriors,Warriors vs Canberra Raiders,1,223.0,44.6,59.39,41.0,51.0,29.0,67.0,51.0,,51.0,,,,,67.0,150.0,113.0,131.0
42,9,Wayde Egan,Warriors,Warriors vs Canberra Raiders,1,152.0,,56.97,41.0,31.0,18.0,41.0,23.0,,34.0,,,,,41.0,,72.0,100.0
43,10,Jackson Ford,Warriors,Warriors vs Canberra Raiders,1,100.0,50.0,57.33,41.0,41.0,19.0,51.0,31.0,,41.0,,,,,51.0,102.0,89.0,124.0
44,11,Kurt Capewell,Warriors,Warriors vs Canberra Raiders,1,180.0,36.0,32.44,21.0,26.0,10.0,26.0,18.0,,26.0,,,,,26.0,72.0,80.0,100.0
45,12,Jacob Laban,Warriors,Warriors vs Canberra Raiders,1,25.0,,33.95,21.0,31.0,12.0,29.0,26.0,,31.0,,,,,31.0,,91.0,100.0
46,13,Erin Clark,Warriors,Warriors vs Canberra Raiders,1,122.0,,67.77,41.0,41.0,29.0,67.0,36.0,,41.0,,,,,67.0,,99.0,163.0
47,14,Samuel Healey,Warriors,Warriors vs Canberra Raiders,1,13.0,,957.08,34.0,41.0,19.0,51.0,61.0,,41.0,,,,,61.0,,6.0,120.0
48,15,Demitric Sifakula,Warriors,Warriors vs Canberra Raiders,1,35.0,,926.33,67.0,51.0,26.0,67.0,101.0,,51.0,,,,,101.0,,11.0,151.0
49,16,Leka Halasima,Warriors,Warriors vs Canberra Raiders,1,30.0,,717.89,19.0,19.0,10.0,21.0,31.0,,21.0,,,,,31.0,,4.0,148.0
50,17,Tanner Stowers-Smith,Warriors,Warriors vs Canberra Raiders,1,15.0,,1120.37,67.0,41.0,29.0,67.0,,,51.0,,,,,67.0,,6.0,100.0
51,1,Kaeo Weekes,Canberra Raiders,Warriors vs Canberra Raiders,1,66.0,66.0,22.43,13.0,14.0,7.0,17.0,13.0,,15.0,,,,,17.0,26.0,76.0,113.0
52,2,Savelio Tamale,Canberra Raiders,Warriors vs Canberra Raiders,1,20.0,20.0,12.31,10.0,11.0,4.75,10.0,11.0,,11.0,,,,,11.0,55.0,89.0,100.0
53,3,Simi Sasagi,Canberra Raiders,Warriors vs Canberra Raiders,1,64.0,64.0,20.71,17.0,21.0,9.5,21.0,18.0,,21.0,,,,,21.0,33.0,101.0,100.0
54,4,Sebastian Kris,Canberra Raiders,Warriors vs Canberra Raiders,1,112.0,12.44,24.2,21.0,17.0,9.5,21.0,14.0,,19.0,,,,,21.0,169.0,87.0,100.0
55,5,Xavier Savage,Canberra Raiders,Warriors vs Canberra Raiders,1,74.0,24.67,11.9,10.0,9.75,3.8,7.5,10.0,,10.0,,,,,10.0,41.0,84.0,100.0
56,6,Ethan Strange,Canberra Raiders,Warriors vs Canberra Raiders,1,48.0,,23.13,13.0,17.0,9.5,21.0,14.0,,23.0,,,,,23.0,,99.0,110.0
57,7,Ethan Sanders,Canberra Raiders,Warriors vs Canberra Raiders,1,7.0,,37.56,21.0,26.0,12.0,21.0,23.0,,26.0,,,,,26.0,,69.0,100.0
58,8,Morgan Smithies,Canberra Raiders,Warriors vs Canberra Raiders,1,50.0,,64.02,41.0,81.0,31.0,67.0,61.0,,51.0,,,,,81.0,,127.0,121.0
59,9,Tom Starling,Canberra Raiders,Warriors vs Canberra Raiders,1,134.0,134.0,56.69,41.0,41.0,17.0,34.0,31.0,,41.0,,,,,41.0,31.0,72.0,100.0
60,10,Joseph Tapine,Canberra Raiders,Warriors vs Canberra Raiders,1,237.0,47.4,57.23,41.0,51.0,26.0,67.0,41.0,,41.0,,,,,67.0,141.0,117.0,131.0
61,11,Hudson Young,Canberra Raiders,Warriors vs Canberra Raiders,1,142.0,47.33,32.01,17.0,17.0,7.5,17.0,14.0,,19.0,,,,,19.0,40.0,59.0,112.0
62,12,Noah Martin,Canberra Raiders,Warriors vs Canberra Raiders,1,13.0,,23.51,17.0,19.0,10.0,21.0,17.0,,21.0,,,,,21.0,,89.0,100.0
63,13,Corey Horsburgh,Canberra Raiders,Warriors vs Canberra Raiders,1,113.0,113.0,57.76,41.0,51.0,26.0,67.0,46.0,,51.0,,,,,67.0,59.0,116.0,131.0
64,14,Jayden Brailey,Canberra Raiders,Warriors vs Canberra Raiders,1,155.0,38.75,1132.68,67.0,51.0,26.0,51.0,76.0,,51.0,,,,,76.0,196.0,7.0,113.0
65,15,Zac Hosking,Canberra Raiders,Warriors vs Canberra Raiders,1,56.0,28.0,970.93,34.0,41.0,19.0,41.0,71.0,,41.0,,,,,71.0,254.0,7.0,173.0
66,16,Ata Mariota,Canberra Raiders,Warriors vs Canberra Raiders,1,68.0,,1159.09,67.0,51.0,34.0,81.0,81.0,,51.0,,,,,81.0,,7.0,100.0
67,17,Matthew Timoko,Canberra Raiders,Warriors vs Canberra Raiders,1,111.0,22.2,960.19,15.0,21.0,11.0,29.0,,,19.0,,,,,29.0,131.0,3.0,138.0
68,1,James Tedesco,Sydney Roosters,Sydney Roosters vs South Sydney Rabbitohs,2,277.0,17.25,18.42,13.0,11.0,5.5,11.0,10.0,,13.0,,,,,13.0,75.0,71.0,100.0
69,2,Daniel Tupou,Sydney Roosters,Sydney Roosters vs South Sydney Rabbitohs,2,290.0,10.25,10.95,10.0,9.25,4.4,8.0,9.5,,11.0,,,,,11.0,107.0,100.0,110.0
70,3,Billy Smith,Sydney Roosters,Sydney Roosters vs South Sydney Rabbitohs,2,48.0,24.0,20.16,17.0,15.0,8.0,21.0,13.0,,17.0,,,,,21.0,88.0,104.0,124.0
71,4,Robert Toia,Sydney Roosters,Sydney Roosters vs South Sydney Rabbitohs,2,22.0,22.0,20.15,17.0,17.0,9.5,21.0,14.0,,19.0,,,,,21.0,95.0,104.0,111.0
72,5,Mark Nawaqanitawase,Sydney Roosters,Sydney Roosters vs South Sydney Rabbitohs,2,26.0,3.71,9.84,8.0,8.25,4.1,8.0,8.5,,9.5,,,,,9.5,256.0,97.0,112.0
73,6,Daly Cherry-Evans,Sydney Roosters,Sydney Roosters vs South Sydney Rabbitohs,2,353.0,37.37,33.24,21.0,26.0,14.0,34.0,26.0,,31.0,,,,,34.0,91.0,102.0,110.0
74,7,Sam Walker,Sydney Roosters,Sydney Roosters vs South Sydney Rabbitohs,2,88.0,,41.01,26.0,23.0,11.0,26.0,20.0,,26.0,,,,,26.0,,63.0,100.0
75,8,Naufahu Whyte,Sydney Roosters,Sydney Roosters vs South Sydney Rabbitohs,2,62.0,62.0,65.28,41.0,41.0,31.0,67.0,41.0,,51.0,,,,,67.0,108.0,103.0,131.0
76,9,Benaiah Ioelu,Sydney Roosters,Sydney Roosters vs South Sydney Rabbitohs,2,13.0,,58.22,34.0,41.0,19.0,41.0,36.0,,41.0,,,,,41.0,,70.0,100.0
77,10,Lindsay Collins,Sydney Roosters,Sydney Roosters vs South Sydney Rabbitohs,2,130.0,130.0,57.66,41.0,51.0,31.0,67.0,46.0,,51.0,,,,,67.0,52.0,116.0,131.0
78,11,Angus Crichton,Sydney Roosters,Sydney Roosters vs South Sydney Rabbitohs,2,199.0,66.33,29.27,17.0,16.0,8.5,17.0,14.0,,19.0,,,,,19.0,29.0,65.0,112.0
79,12,Siua Wong,Sydney Roosters,Sydney Roosters vs South Sydney Rabbitohs,2,41.0,,31.64,19.0,29.0,17.0,41.0,23.0,,26.0,,,,,41.0,,130.0,141.0
80,13,Egan Butcher,Sydney Roosters,Sydney Roosters vs South Sydney Rabbitohs,2,75.0,37.5,63.78,41.0,41.0,23.0,51.0,34.0,,41.0,,,,,51.0,136.0,80.0,124.0
81,14,Connor Watson,Sydney Roosters,Sydney Roosters vs South Sydney Rabbitohs,2,171.0,85.5,996.17,51.0,34.0,21.0,51.0,61.0,,41.0,,,,,61.0,71.0,6.0,120.0
82,15,Blake Steep,Sydney Roosters,Sydney Roosters vs South Sydney Rabbitohs,2,26.0,,1057.32,67.0,51.0,41.0,101.0,91.0,,51.0,,,,,101.0,,10.0,111.0
83,16,Nat Butcher,Sydney Roosters,Sydney Roosters vs South Sydney Rabbitohs,2,154.0,51.33,979.7,51.0,34.0,26.0,51.0,56.0,,41.0,,,,,56.0,109.0,6.0,110.0
84,17,Salesi Foketi,Sydney Roosters,Sydney Roosters vs South Sydney Rabbitohs,2,20.0,,1064.26,67.0,29.0,31.0,67.0,,,51.0,,,,,67.0,,6.0,100.0
85,1,Jye Gray,South Sydney Rabbitohs,Sydney Roosters vs South Sydney Rabbitohs,2,34.0,17.0,23.24,13.0,17.0,8.5,21.0,14.0,,17.0,,,,,21.0,124.0,90.0,124.0
86,2,Alex Johnston,South Sydney Rabbitohs,Sydney Roosters vs South Sydney Rabbitohs,2,244.0,11.09,10.63,8.5,7.25,3.2,6.5,8.0,,9.0,,,,,9.0,81.0,85.0,106.0
87,3,Latrell Mitchell,South Sydney Rabbitohs,Sydney Roosters vs South Sydney Rabbitohs,2,183.0,7.96,20.47,15.0,12.5,5.0,11.0,11.0,,15.0,,,,,15.0,188.0,73.0,100.0
88,4,Jack Wighton,South Sydney Rabbitohs,Sydney Roosters vs South Sydney Rabbitohs,2,279.0,22.5,25.83,19.0,23.0,9.0,21.0,20.0,,23.0,,,,,23.0,102.0,89.0,100.0
89,5,Campbell Graham,South Sydney Rabbitohs,Sydney Roosters vs South Sydney Rabbitohs,2,143.0,28.6,14.07,11.0,10.5,5.25,11.0,11.0,,11.0,,,,,11.0,38.0,78.0,100.0
90,6,Cody Walker,South Sydney Rabbitohs,Sydney Roosters vs South Sydney Rabbitohs,2,224.0,14.0,35.74,21.0,29.0,10.0,21.0,21.0,,26.0,,,,,29.0,207.0,81.0,112.0
91,7,Jayden Sullivan,South Sydney Rabbitohs,Sydney Roosters vs South Sydney Rabbitohs,2,51.0,,44.8,26.0,34.0,15.0,34.0,34.0,,34.0,,,,,34.0,,76.0,100.0
92,8,Tevita Tatola,South Sydney Rabbitohs,Sydney Roosters vs South Sydney Rabbitohs,2,160.0,,62.73,51.0,51.0,29.0,81.0,61.0,,51.0,,,,,81.0,,129.0,133.0
93,9,Bronson Garlick,South Sydney Rabbitohs,Sydney Roosters vs South Sydney Rabbitohs,2,58.0,,67.53,34.0,51.0,26.0,81.0,41.0,,41.0,,,,,81.0,,120.0,159.0
94,10,Keaon Koloamatangi,South Sydney Rabbitohs,Sydney Roosters vs South Sydney Rabbitohs,2,127.0,25.4,67.04,51.0,51.0,19.0,51.0,36.0,,41.0,,,,,51.0,201.0,76.0,100.0
95,11,David Fifita,South Sydney Rabbitohs,Sydney Roosters vs South Sydney Rabbitohs,2,135.0,27.0,36.72,21.0,19.0,8.5,21.0,15.0,,21.0,,,,,21.0,78.0,57.0,100.0
96,12,Euan Aitken,South Sydney Rabbitohs,Sydney Roosters vs South Sydney Rabbitohs,2,208.0,17.33,39.4,26.0,34.0,14.0,29.0,31.0,,34.0,,,,,34.0,196.0,86.0,100.0
97,13,Cameron Murray,South Sydney Rabbitohs,Sydney Roosters vs South Sydney Rabbitohs,2,163.0,23.29,64.62,51.0,41.0,18.0,51.0,41.0,,41.0,,,,,51.0,219.0,79.0,100.0
98,14,Peter Mamouzelos,South Sydney Rabbitohs,Sydney Roosters vs South Sydney Rabbitohs,2,47.0,,897.95,51.0,51.0,29.0,81.0,101.0,,51.0,,,,,101.0,,11.0,125.0
99,15,Tallis Duncan,South Sydney Rabbitohs,Sydney Roosters vs South Sydney Rabbitohs,2,55.0,,859.56,34.0,31.0,17.0,41.0,61.0,,34.0,,,,,61.0,,7.0,149.0
100,16,Lachlan Hubner,South Sydney Rabbitohs,Sydney Roosters vs South Sydney Rabbitohs,2,24.0,,1004.46,51.0,51.0,29.0,81.0,91.0,,51.0,,,,,91.0,,9.0,112.0
101,17,Sean Keppie,South Sydney Rabbitohs,Sydney Roosters vs South Sydney Rabbitohs,2,123.0,,1136.4,51.0,67.0,31.0,101.0,,,51.0,,,,,101.0,,9.0,151.0
102,1,Jahream Bula,Wests Tigers,Wests Tigers vs North Queensland Cowboys,3,57.0,57.0,17.69,9.0,12.0,7.0,13.0,12.0,,11.0,,,,,13.0,23.0,73.0,108.0
103,2,Sunia Turuva,Wests Tigers,Wests Tigers vs North Queensland Cowboys,3,85.0,12.14,12.78,9.0,8.75,4.0,8.0,9.0,,10.0,,,,,10.0,82.0,78.0,111.0
104,3,Taylan May,Wests Tigers,Wests Tigers vs North Queensland Cowboys,3,37.0,18.5,16.33,15.0,12.0,6.5,15.0,12.0,,15.0,,,,,15.0,81.0,92.0,100.0
105,4,Heamasi Makasini,Wests Tigers,Wests Tigers vs North Queensland Cowboys,3,1.0,,21.49,13.0,11.0,6.5,13.0,11.0,,13.0,,,,,13.0,,60.0,100.0
106,5,Luke Laulilii,Wests Tigers,Wests Tigers vs North Queensland Cowboys,3,10.0,,12.43,8.5,10.0,4.75,9.5,11.0,,10.0,,,,,11.0,,88.0,110.0
107,6,Jarome Luai,Wests Tigers,Wests Tigers vs North Queensland Cowboys,3,153.0,51.0,30.97,34.0,29.0,13.0,26.0,23.0,,31.0,,,,,34.0,67.0,110.0,110.0
108,7,Adam Doueihi,Wests Tigers,Wests Tigers vs North Queensland Cowboys,3,118.0,118.0,26.36,17.0,26.0,12.0,34.0,21.0,,23.0,,,,,34.0,29.0,129.0,131.0
109,8,Terrell May,Wests Tigers,Wests Tigers vs North Queensland Cowboys,3,78.0,78.0,55.53,41.0,34.0,17.0,34.0,31.0,,41.0,,,,,41.0,53.0,74.0,100.0
110,9,Apisai Koroisau,Wests Tigers,Wests Tigers vs North Queensland Cowboys,3,235.0,47.0,49.36,41.0,26.0,12.0,26.0,21.0,,34.0,,,,,41.0,87.0,83.0,121.0
111,10,Fonua Pole,Wests Tigers,Wests Tigers vs North Queensland Cowboys,3,77.0,77.0,57.17,41.0,34.0,19.0,41.0,31.0,,41.0,,,,,41.0,53.0,72.0,100.0
112,11,Samuela Fainu,Wests Tigers,Wests Tigers vs North Queensland Cowboys,3,52.0,26.0,27.85,21.0,21.0,14.0,34.0,18.0,,23.0,,,,,34.0,131.0,122.0,148.0
113,12,Kai Pearce-Paul,Wests Tigers,Wests Tigers vs North Queensland Cowboys,3,44.0,,28.66,21.0,23.0,16.0,41.0,23.0,,26.0,,,,,41.0,,143.0,158.0
114,13,Alex Twal,Wests Tigers,Wests Tigers vs North Queensland Cowboys,3,165.0,,60.42,51.0,81.0,31.0,81.0,61.0,,67.0,,,,,81.0,,134.0,100.0
115,14,Jock Madden,Wests Tigers,Wests Tigers vs North Queensland Cowboys,3,36.0,,965.89,51.0,41.0,26.0,51.0,,,51.0,,,,,51.0,,5.0,100.0
116,15,Sione Fainu,Wests Tigers,Wests Tigers vs North Queensland Cowboys,3,36.0,,952.25,51.0,34.0,19.0,41.0,56.0,,41.0,,,,,56.0,,6.0,110.0
117,16,Royce Hunt,Wests Tigers,Wests Tigers vs North Queensland Cowboys,3,93.0,93.0,973.08,51.0,51.0,31.0,81.0,,,51.0,,,,,81.0,87.0,8.0,159.0
118,17,Alex Seyfarth,Wests Tigers,Wests Tigers vs North Queensland Cowboys,3,97.0,,891.04,34.0,31.0,19.0,51.0,51.0,,34.0,,,,,51.0,,6.0,100.0
119,1,Scott Drinkwater,North Queensland Cowboys,Wests Tigers vs North Queensland Cowboys,3,148.0,24.67,23.69,15.0,16.0,6.0,13.0,13.0,,17.0,,,,,17.0,69.0,72.0,106.0
120,2,Braidon Burns,North Queensland Cowboys,Wests Tigers vs North Queensland Cowboys,3,82.0,82.0,12.13,10.0,11.0,4.25,10.0,11.0,,11.0,,,,,11.0,13.0,91.0,100.0
121,3,Jaxon Purdue,North Queensland Cowboys,Wests Tigers vs North Queensland Cowboys,3,36.0,36.0,21.24,17.0,14.0,5.5,11.0,12.0,,15.0,,,,,17.0,47.0,80.0,113.0
122,4,Tom Chester,North Queensland Cowboys,Wests Tigers vs North Queensland Cowboys,3,17.0,17.0,25.65,21.0,19.0,,21.0,15.0,,23.0,,,,,23.0,135.0,90.0,110.0
123,5,Murray Taulagi,North Queensland Cowboys,Wests Tigers vs North Queensland Cowboys,3,109.0,9.91,8.66,9.0,9.0,4.0,11.0,10.0,,11.0,,,,,11.0,111.0,127.0,100.0
124,6,Jake Clifford,North Queensland Cowboys,Wests Tigers vs North Queensland Cowboys,3,93.0,23.25,33.79,26.0,31.0,14.0,34.0,26.0,,31.0,,,,,34.0,146.0,101.0,110.0
125,7,Tom Dearden,North Queensland Cowboys,Wests Tigers vs North Queensland Cowboys,3,127.0,18.14,34.43,21.0,21.0,9.0,21.0,15.0,,23.0,,,,,23.0,127.0,67.0,110.0
126,8,Coen Hess,North Queensland Cowboys,Wests Tigers vs North Queensland Cowboys,3,187.0,93.5,62.36,51.0,51.0,23.0,51.0,36.0,,51.0,,,,,51.0,55.0,82.0,100.0
127,9,Reed Mahoney,North Queensland Cowboys,Wests Tigers vs North Queensland Cowboys,3,176.0,88.0,59.31,51.0,41.0,16.0,51.0,36.0,,41.0,,,,,51.0,58.0,86.0,100.0
128,10,Jason Taumalolo,North Queensland Cowboys,Wests Tigers vs North Queensland Cowboys,3,286.0,88.33,76.98,51.0,51.0,29.0,101.0,41.0,,51.0,,,,,101.0,114.0,131.0,198.0
129,11,Heilum Luki,North Queensland Cowboys,Wests Tigers vs North Queensland Cowboys,3,58.0,58.0,31.36,26.0,21.0,11.0,26.0,18.0,,26.0,,,,,26.0,45.0,83.0,100.0
130,12,Sam McIntyre,North Queensland Cowboys,Wests Tigers vs North Queensland Cowboys,3,86.0,,38.05,21.0,34.0,15.0,34.0,26.0,,31.0,,,,,34.0,,89.0,100.0
131,13,Reuben Cotter,North Queensland Cowboys,Wests Tigers vs North Queensland Cowboys,3,101.0,101.0,73.57,51.0,51.0,23.0,51.0,41.0,,51.0,,,,,51.0,50.0,69.0,100.0
132,14,Soni Luke,North Queensland Cowboys,Wests Tigers vs North Queensland Cowboys,3,30.0,,1154.58,67.0,51.0,21.0,41.0,,,51.0,,,,,67.0,,6.0,131.0
133,15,Kai O'Donnell,North Queensland Cowboys,Wests Tigers vs North Queensland Cowboys,3,26.0,,1225.24,51.0,51.0,19.0,51.0,101.0,,51.0,,,,,101.0,,8.0,198.0
134,16,Griffin Neame,North Queensland Cowboys,Wests Tigers vs North Queensland Cowboys,3,91.0,,1072.6,67.0,51.0,31.0,101.0,101.0,,67.0,,,,,101.0,,9.0,100.0
135,17,Matthew Lodge,North Queensland Cowboys,Wests Tigers vs North Queensland Cowboys,3,134.0,,1126.43,67.0,51.0,29.0,81.0,101.0,,67.0,,,,,101.0,,9.0,125.0
136,1,Clinton Gutherson,St. George Illawarra Dragons,St. George Illawarra Dragons vs Melbourne Storm,4,236.0,16.86,27.63,19.0,15.0,7.0,21.0,14.0,,15.0,,,,,21.0,125.0,76.0,111.0
137,2,Christian Tuipulotu,St. George Illawarra Dragons,St. George Illawarra Dragons vs Melbourne Storm,4,56.0,18.67,11.79,11.0,11.5,3.75,8.5,12.0,,11.0,,,,,12.0,64.0,102.0,104.0
138,3,Moses Suli,St. George Illawarra Dragons,St. George Illawarra Dragons vs Melbourne Storm,4,158.0,79.0,30.0,21.0,23.0,8.0,21.0,21.0,,26.0,,,,,26.0,33.0,87.0,113.0
139,4,Valentine Holmes,St. George Illawarra Dragons,St. George Illawarra Dragons vs Melbourne Storm,4,218.0,19.82,22.2,19.0,16.0,6.5,17.0,14.0,,17.0,,,,,19.0,96.0,86.0,112.0
140,5,Setu Tu,St. George Illawarra Dragons,St. George Illawarra Dragons vs Melbourne Storm,4,1.0,,11.81,10.0,10.5,3.9,11.0,11.0,,10.0,,,,,11.0,,93.0,100.0
141,6,Kyle Flanagan,St. George Illawarra Dragons,St. George Illawarra Dragons vs Melbourne Storm,4,124.0,124.0,32.49,26.0,31.0,15.0,41.0,26.0,,34.0,,,,,41.0,33.0,126.0,121.0
142,7,Daniel Atkinson,St. George Illawarra Dragons,St. George Illawarra Dragons vs Melbourne Storm,4,53.0,53.0,44.43,34.0,29.0,12.0,26.0,23.0,,31.0,,,,,34.0,64.0,77.0,110.0
143,8,Emre Guler,St. George Illawarra Dragons,St. George Illawarra Dragons vs Melbourne Storm,4,112.0,112.0,59.8,67.0,51.0,31.0,101.0,46.0,,51.0,,,,,101.0,90.0,169.0,151.0
144,9,Damien Cook,St. George Illawarra Dragons,St. George Illawarra Dragons vs Melbourne Storm,4,241.0,48.2,62.75,34.0,34.0,14.0,41.0,31.0,,34.0,,,,,41.0,85.0,65.0,121.0
145,10,Toby Couchman,St. George Illawarra Dragons,St. George Illawarra Dragons vs Melbourne Storm,4,46.0,,72.31,51.0,51.0,29.0,101.0,46.0,,67.0,,,,,101.0,,140.0,151.0
146,11,Luciano Leilua,St. George Illawarra Dragons,St. George Illawarra Dragons vs Melbourne Storm,4,166.0,41.5,42.42,34.0,34.0,14.0,34.0,26.0,,34.0,,,,,34.0,82.0,80.0,100.0
147,12,Jaydn Su'A,St. George Illawarra Dragons,St. George Illawarra Dragons vs Melbourne Storm,4,155.0,51.67,33.88,21.0,29.0,11.0,34.0,21.0,,,,,,,34.0,66.0,100.0,117.0
148,13,Hamish Stewart,St. George Illawarra Dragons,St. George Illawarra Dragons vs Melbourne Storm,4,21.0,,68.86,41.0,51.0,26.0,67.0,51.0,,51.0,,,,,67.0,,97.0,131.0
149,14,Hame Sele,St. George Illawarra Dragons,St. George Illawarra Dragons vs Melbourne Storm,4,93.0,,1250.98,51.0,67.0,31.0,101.0,91.0,,67.0,,,,,101.0,,8.0,111.0
150,15,Josh Kerr,St. George Illawarra Dragons,St. George Illawarra Dragons vs Melbourne Storm,4,120.0,120.0,1157.22,51.0,51.0,29.0,101.0,101.0,,51.0,,,,,101.0,84.0,9.0,100.0
151,16,Blake Lawrie,St. George Illawarra Dragons,St. George Illawarra Dragons vs Melbourne Storm,4,164.0,,1203.94,67.0,67.0,31.0,101.0,,,101.0,,,,,101.0,,8.0,100.0
152,17,Ryan Couchman,St. George Illawarra Dragons,St. George Illawarra Dragons vs Melbourne Storm,4,19.0,,1117.95,51.0,51.0,29.0,101.0,101.0,,51.0,,,,,101.0,,9.0,100.0
153,1,Sualauvi Faalogo,Melbourne Storm,St. George Illawarra Dragons vs Melbourne Storm,4,26.0,26.0,14.18,10.0,9.25,5.0,9.5,9.5,,9.5,,,,,10.0,38.0,71.0,105.0
154,2,Will Warbrick,Melbourne Storm,St. George Illawarra Dragons vs Melbourne Storm,4,57.0,6.33,7.9,7.5,7.75,3.9,7.0,8.0,,8.0,,,,,8.0,126.0,101.0,100.0
155,3,Jack Howarth,Melbourne Storm,St. George Illawarra Dragons vs Melbourne Storm,4,38.0,38.0,16.64,17.0,17.0,9.0,17.0,14.0,,17.0,,,,,17.0,45.0,102.0,100.0
156,4,Moses Leo,Melbourne Storm,St. George Illawarra Dragons vs Melbourne Storm,4,3.0,,21.58,13.0,15.0,8.0,17.0,13.0,,15.0,,,,,17.0,,79.0,113.0
157,5,Nick Meaney,Melbourne Storm,St. George Illawarra Dragons vs Melbourne Storm,4,160.0,22.86,9.21,9.0,8.5,4.4,8.0,8.5,,9.0,,,,,9.0,39.0,98.0,100.0
158,6,Cameron Munster,Melbourne Storm,St. George Illawarra Dragons vs Melbourne Storm,4,237.0,29.62,25.92,21.0,19.0,12.0,26.0,15.0,,21.0,,,,,26.0,88.0,100.0,124.0
159,7,Jahrome Hughes,Melbourne Storm,St. George Illawarra Dragons vs Melbourne Storm,4,171.0,24.43,23.9,17.0,17.0,9.5,15.0,15.0,,19.0,,,,,19.0,78.0,79.0,112.0
160,8,Stefano Utoikamanu,Melbourne Storm,St. George Illawarra Dragons vs Melbourne Storm,4,104.0,34.67,44.98,34.0,41.0,26.0,51.0,31.0,,41.0,,,,,51.0,147.0,113.0,124.0
161,9,Harry Grant,Melbourne Storm,St. George Illawarra Dragons vs Melbourne Storm,4,121.0,20.17,32.31,19.0,16.0,11.0,21.0,13.0,,17.0,,,,,21.0,104.0,65.0,111.0
162,10,Josh King,Melbourne Storm,St. George Illawarra Dragons vs Melbourne Storm,4,183.0,91.5,48.44,41.0,51.0,23.0,41.0,36.0,,51.0,,,,,51.0,56.0,105.0,100.0
163,11,Joe Chan,Melbourne Storm,St. George Illawarra Dragons vs Melbourne Storm,4,34.0,,22.62,21.0,21.0,13.0,26.0,19.0,,23.0,,,,,26.0,,115.0,113.0
164,12,Ativalu Lisati,Melbourne Storm,St. George Illawarra Dragons vs Melbourne Storm,4,19.0,,23.5,21.0,29.0,14.0,29.0,23.0,,34.0,,,,,34.0,,145.0,117.0
165,13,Tui Kamikamica,Melbourne Storm,St. George Illawarra Dragons vs Melbourne Storm,4,139.0,46.33,52.74,41.0,67.0,29.0,51.0,61.0,,81.0,,,,,81.0,175.0,154.0,121.0
166,14,Tyran Wishart,Melbourne Storm,St. George Illawarra Dragons vs Melbourne Storm,4,91.0,45.5,803.68,19.0,23.0,16.0,29.0,36.0,,26.0,,,,,36.0,79.0,4.0,124.0
167,15,Cooper Clarke,Melbourne Storm,St. George Illawarra Dragons vs Melbourne Storm,4,1.0,,785.96,21.0,41.0,29.0,81.0,61.0,,41.0,,,,,81.0,,10.0,133.0
168,16,Jack Hetherington,Melbourne Storm,St. George Illawarra Dragons vs Melbourne Storm,4,99.0,,808.03,34.0,41.0,26.0,41.0,61.0,,41.0,,,,,61.0,,8.0,149.0
169,17,Davvy Moale,Melbourne Storm,St. George Illawarra Dragons vs Melbourne Storm,4,77.0,77.0,657.84,34.0,41.0,31.0,81.0,,,81.0,,,,,81.0,105.0,12.0,100.0
170,1,Dylan Edwards,Penrith Panthers,Penrith Panthers vs Cronulla-Sutherland Sharks,5,172.0,24.57,19.25,13.0,12.5,7.0,13.0,12.0,,11.0,,,,,13.0,53.0,68.0,100.0
171,2,Thomas Jenkins,Penrith Panthers,Penrith Panthers vs Cronulla-Sutherland Sharks,5,35.0,8.75,10.08,7.5,8.0,3.95,7.0,8.5,,8.0,,,,,8.5,97.0,84.0,106.0
172,3,Paul Alamoti,Penrith Panthers,Penrith Panthers vs Cronulla-Sutherland Sharks,5,60.0,12.0,15.71,13.0,13.0,7.0,12.0,12.0,,13.0,,,,,13.0,108.0,83.0,100.0
173,4,Casey McLean,Penrith Panthers,Penrith Panthers vs Cronulla-Sutherland Sharks,5,37.0,12.33,16.33,11.0,9.25,6.0,12.0,9.0,,9.5,,,,,12.0,97.0,73.0,109.0
174,5,Brian To'o,Penrith Panthers,Penrith Panthers vs Cronulla-Sutherland Sharks,5,134.0,7.44,11.29,9.0,8.25,4.0,7.5,8.5,,8.5,,,,,9.0,121.0,80.0,106.0
175,6,Blaize Talagi,Penrith Panthers,Penrith Panthers vs Cronulla-Sutherland Sharks,5,46.0,15.33,28.76,21.0,19.0,11.0,21.0,17.0,,23.0,,,,,23.0,150.0,80.0,110.0
176,7,Nathan Cleary,Penrith Panthers,Penrith Panthers vs Cronulla-Sutherland Sharks,5,195.0,39.0,29.92,19.0,19.0,10.0,21.0,17.0,,21.0,,,,,21.0,54.0,70.0,100.0
177,8,Moses Leota,Penrith Panthers,Penrith Panthers vs Cronulla-Sutherland Sharks,5,203.0,67.67,57.75,41.0,51.0,29.0,51.0,56.0,,67.0,,,,,67.0,99.0,116.0,120.0
178,9,Mitchell Kenny,Penrith Panthers,Penrith Panthers vs Cronulla-Sutherland Sharks,5,130.0,130.0,54.86,41.0,34.0,21.0,41.0,34.0,,41.0,,,,,41.0,32.0,75.0,100.0
179,10,Lindsay Smith,Penrith Panthers,Penrith Panthers vs Cronulla-Sutherland Sharks,5,84.0,84.0,49.25,34.0,51.0,26.0,51.0,41.0,,51.0,,,,,51.0,61.0,104.0,100.0
180,11,Isaiah Papali'i,Penrith Panthers,Penrith Panthers vs Cronulla-Sutherland Sharks,5,179.0,29.83,24.46,19.0,21.0,12.0,21.0,19.0,,23.0,,,,,23.0,77.0,94.0,110.0
181,12,Luke Garner,Penrith Panthers,Penrith Panthers vs Cronulla-Sutherland Sharks,5,136.0,34.0,28.07,19.0,21.0,12.0,29.0,19.0,,23.0,,,,,29.0,85.0,103.0,126.0
182,13,Isaah Yeo,Penrith Panthers,Penrith Panthers vs Cronulla-Sutherland Sharks,5,267.0,267.0,59.11,26.0,41.0,23.0,41.0,36.0,,41.0,,,,,41.0,15.0,69.0,100.0
183,14,Jack Cogger,Penrith Panthers,Penrith Panthers vs Cronulla-Sutherland Sharks,5,102.0,102.0,1070.46,26.0,34.0,26.0,51.0,,,51.0,,,,,51.0,50.0,5.0,100.0
184,15,Billy Phillips,Penrith Panthers,Penrith Panthers vs Cronulla-Sutherland Sharks,5,2.0,,786.48,21.0,51.0,19.0,29.0,101.0,,51.0,,,,,101.0,,13.0,198.0
185,16,Scott Sorensen,Penrith Panthers,Penrith Panthers vs Cronulla-Sutherland Sharks,5,140.0,140.0,926.35,19.0,31.0,21.0,41.0,51.0,,31.0,,,,,51.0,36.0,6.0,124.0
186,17,Kalani Going,Penrith Panthers,Penrith Panthers vs Cronulla-Sutherland Sharks,5,3.0,,787.01,21.0,41.0,29.0,51.0,56.0,,51.0,,,,,56.0,,7.0,110.0
187,1,William Kennedy,Cronulla-Sutherland Sharks,Penrith Panthers vs Cronulla-Sutherland Sharks,5,135.0,16.87,30.44,19.0,21.0,8.0,21.0,18.0,,23.0,,,,,23.0,136.0,76.0,110.0
188,2,Sione A. Katoa,Cronulla-Sutherland Sharks,Penrith Panthers vs Cronulla-Sutherland Sharks,5,129.0,9.21,13.69,13.0,11.0,4.2,11.0,11.0,,11.0,,,,,13.0,141.0,95.0,118.0
189,3,Jesse Ramien,Cronulla-Sutherland Sharks,Penrith Panthers vs Cronulla-Sutherland Sharks,5,171.0,24.43,26.73,21.0,21.0,7.0,21.0,15.0,,23.0,,,,,23.0,94.0,86.0,110.0
190,4,Kayal Iro,Cronulla-Sutherland Sharks,Penrith Panthers vs Cronulla-Sutherland Sharks,5,46.0,15.33,20.91,17.0,17.0,7.0,21.0,14.0,,19.0,,,,,21.0,137.0,100.0,111.0
191,5,Samuel Stonestreet,Cronulla-Sutherland Sharks,Penrith Panthers vs Cronulla-Sutherland Sharks,5,19.0,19.0,14.82,13.0,12.5,4.2,11.0,12.0,,13.0,,,,,13.0,68.0,88.0,100.0
192,6,Braydon Trindall,Cronulla-Sutherland Sharks,Penrith Panthers vs Cronulla-Sutherland Sharks,5,106.0,35.33,38.17,21.0,29.0,11.0,29.0,23.0,,31.0,,,,,31.0,88.0,81.0,107.0
193,7,Nicho Hynes,Cronulla-Sutherland Sharks,Penrith Panthers vs Cronulla-Sutherland Sharks,5,130.0,18.57,40.7,26.0,29.0,11.0,29.0,23.0,,31.0,,,,,31.0,167.0,76.0,107.0
194,8,Addin Fonua-Blake,Cronulla-Sutherland Sharks,Penrith Panthers vs Cronulla-Sutherland Sharks,5,210.0,30.0,74.05,34.0,31.0,12.0,41.0,23.0,,34.0,,,,,41.0,137.0,55.0,121.0
195,9,Blayke Brailey,Cronulla-Sutherland Sharks,Penrith Panthers vs Cronulla-Sutherland Sharks,5,165.0,,72.83,41.0,51.0,19.0,67.0,46.0,,51.0,,,,,67.0,,92.0,131.0
196,10,Thomas Hazelton,Cronulla-Sutherland Sharks,Penrith Panthers vs Cronulla-Sutherland Sharks,5,59.0,59.0,76.52,51.0,41.0,23.0,67.0,51.0,,51.0,,,,,67.0,114.0,88.0,131.0
197,11,Briton Nikora,Cronulla-Sutherland Sharks,Penrith Panthers vs Cronulla-Sutherland Sharks,5,160.0,32.0,37.71,26.0,19.0,8.5,26.0,15.0,,23.0,,,,,26.0,81.0,69.0,100.0
198,12,Billy Burns,Cronulla-Sutherland Sharks,Penrith Panthers vs Cronulla-Sutherland Sharks,5,73.0,73.0,41.08,34.0,41.0,14.0,34.0,34.0,,41.0,,,,,41.0,56.0,100.0,100.0
199,13,Jesse Colquhoun,Cronulla-Sutherland Sharks,Penrith Panthers vs Cronulla-Sutherland Sharks,5,32.0,,80.72,51.0,51.0,26.0,101.0,46.0,,67.0,,,,,101.0,,125.0,151.0
200,14,Siosifa Talakai,Cronulla-Sutherland Sharks,Penrith Panthers vs Cronulla-Sutherland Sharks,5,134.0,44.67,1487.58,34.0,41.0,17.0,51.0,67.0,,41.0,,,,,67.0,150.0,5.0,131.0
201,15,Toby Rudolf,Cronulla-Sutherland Sharks,Penrith Panthers vs Cronulla-Sutherland Sharks,5,120.0,120.0,1333.82,51.0,67.0,31.0,101.0,101.0,,67.0,,,,,101.0,84.0,8.0,100.0
202,16,Oregon Kaufusi,Cronulla-Sutherland Sharks,Penrith Panthers vs Cronulla-Sutherland Sharks,5,140.0,70.0,1450.27,51.0,67.0,31.0,101.0,91.0,,67.0,,,,,101.0,144.0,7.0,111.0
203,17,Braden Uele,Cronulla-Sutherland Sharks,Penrith Panthers vs Cronulla-Sutherland Sharks,5,133.0,44.33,1199.99,51.0,51.0,29.0,101.0,,,67.0,,,,,101.0,228.0,8.0,151.0
204,1,Tom Trbojevic,Manly-Warringah Sea Eagles,Manly-Warringah Sea Eagles vs Newcastle Knights,6,171.0,9.0,19.2,10.0,11.0,5.25,11.0,9.5,,10.0,,,,,11.0,122.0,57.0,100.0
205,2,Jason Saab,Manly-Warringah Sea Eagles,Manly-Warringah Sea Eagles vs Newcastle Knights,6,107.0,10.7,11.56,9.0,9.25,4.0,7.5,8.5,,9.5,,,,,9.5,89.0,82.0,103.0
206,3,Tolutau Koula,Manly-Warringah Sea Eagles,Manly-Warringah Sea Eagles vs Newcastle Knights,6,84.0,12.0,13.18,13.0,11.0,5.5,11.0,10.0,,11.0,,,,,13.0,108.0,99.0,118.0
207,4,Reuben Garrick,Manly-Warringah Sea Eagles,Manly-Warringah Sea Eagles vs Newcastle Knights,6,158.0,13.17,19.53,15.0,15.0,8.5,21.0,13.0,,13.0,,,,,21.0,159.0,108.0,140.0
208,5,Lehi Hopoate,Manly-Warringah Sea Eagles,Manly-Warringah Sea Eagles vs Newcastle Knights,6,37.0,18.5,11.43,9.0,9.75,4.5,8.0,10.0,,10.0,,,,,10.0,54.0,87.0,100.0
209,6,Luke Brooks,Manly-Warringah Sea Eagles,Manly-Warringah Sea Eagles vs Newcastle Knights,6,256.0,51.2,28.92,19.0,31.0,17.0,34.0,23.0,,34.0,,,,,34.0,66.0,118.0,100.0
210,7,Jamal Fogarty,Manly-Warringah Sea Eagles,Manly-Warringah Sea Eagles vs Newcastle Knights,6,119.0,119.0,35.51,34.0,34.0,17.0,34.0,26.0,,34.0,,,,,34.0,29.0,96.0,100.0
211,8,Taniela Paseka,Manly-Warringah Sea Eagles,Manly-Warringah Sea Eagles vs Newcastle Knights,6,127.0,,62.5,41.0,41.0,26.0,67.0,41.0,,51.0,,,,,67.0,,107.0,131.0
212,9,Jake Simpkin,Manly-Warringah Sea Eagles,Manly-Warringah Sea Eagles vs Newcastle Knights,6,75.0,,50.44,34.0,34.0,19.0,41.0,26.0,,34.0,,,,,41.0,,81.0,121.0
213,10,Kobe Hetherington,Manly-Warringah Sea Eagles,Manly-Warringah Sea Eagles vs Newcastle Knights,6,106.0,106.0,51.58,41.0,41.0,19.0,29.0,56.0,,67.0,,,,,67.0,63.0,130.0,120.0
214,11,Haumole Olakau'atu,Manly-Warringah Sea Eagles,Manly-Warringah Sea Eagles vs Newcastle Knights,6,110.0,27.5,26.53,17.0,14.0,8.0,21.0,12.0,,13.0,,,,,21.0,76.0,79.0,124.0
215,12,Ben Trbojevic,Manly-Warringah Sea Eagles,Manly-Warringah Sea Eagles vs Newcastle Knights,6,76.0,38.0,30.74,21.0,23.0,13.0,29.0,18.0,,23.0,,,,,29.0,76.0,94.0,126.0
216,13,Jake Trbojevic,Manly-Warringah Sea Eagles,Manly-Warringah Sea Eagles vs Newcastle Knights,6,242.0,60.5,63.92,51.0,67.0,34.0,67.0,61.0,,81.0,,,,,81.0,134.0,127.0,121.0
217,14,Joey Walsh,Manly-Warringah Sea Eagles,Manly-Warringah Sea Eagles vs Newcastle Knights,6,3.0,,787.01,26.0,41.0,17.0,34.0,,,34.0,,,,,41.0,,5.0,121.0
218,15,Nathan Brown,Manly-Warringah Sea Eagles,Manly-Warringah Sea Eagles vs Newcastle Knights,6,184.0,61.33,993.11,51.0,67.0,31.0,67.0,,,81.0,,,,,81.0,132.0,8.0,121.0
219,16,Ethan Bullemor,Manly-Warringah Sea Eagles,Manly-Warringah Sea Eagles vs Newcastle Knights,6,114.0,,880.0,34.0,31.0,17.0,29.0,,,31.0,,,,,34.0,,4.0,110.0
220,17,Paul Bryan,Manly-Warringah Sea Eagles,Manly-Warringah Sea Eagles vs Newcastle Knights,6,3.0,,787.01,26.0,34.0,26.0,51.0,,,67.0,,,,,67.0,,9.0,131.0
221,1,Kalyn Ponga,Newcastle Knights,Manly-Warringah Sea Eagles vs Newcastle Knights,6,147.0,16.33,28.46,13.0,13.0,6.0,13.0,14.0,,17.0,,,,,17.0,104.0,60.0,121.0
222,2,Dominic Young,Newcastle Knights,Manly-Warringah Sea Eagles vs Newcastle Knights,6,93.0,8.45,12.32,10.0,10.0,3.7,8.5,10.0,,10.0,,,,,10.0,118.0,81.0,100.0
223,3,Dane Gagai,Newcastle Knights,Manly-Warringah Sea Eagles vs Newcastle Knights,6,315.0,22.85,28.98,21.0,23.0,10.0,21.0,19.0,,23.0,,,,,23.0,101.0,79.0,100.0
224,4,Bradman Best,Newcastle Knights,Manly-Warringah Sea Eagles vs Newcastle Knights,6,106.0,106.0,22.25,19.0,15.0,6.0,15.0,13.0,,13.0,,,,,19.0,18.0,85.0,127.0
225,5,Greg Marzhew,Newcastle Knights,Manly-Warringah Sea Eagles vs Newcastle Knights,6,88.0,14.67,12.69,10.0,11.0,4.1,8.5,10.0,,11.0,,,,,11.0,75.0,87.0,100.0
226,6,Sandon Smith,Newcastle Knights,Manly-Warringah Sea Eagles vs Newcastle Knights,6,53.0,26.5,39.08,26.0,34.0,16.0,41.0,26.0,,34.0,,,,,41.0,155.0,105.0,121.0
227,7,Dylan Brown,Newcastle Knights,Manly-Warringah Sea Eagles vs Newcastle Knights,6,143.0,23.83,41.67,26.0,26.0,12.0,29.0,21.0,,26.0,,,,,29.0,122.0,70.0,112.0
228,8,Jacob Saifiti,Newcastle Knights,Manly-Warringah Sea Eagles vs Newcastle Knights,6,175.0,43.75,75.09,51.0,51.0,26.0,81.0,46.0,,51.0,,,,,81.0,185.0,108.0,159.0
229,9,Phoenix Crossland,Newcastle Knights,Manly-Warringah Sea Eagles vs Newcastle Knights,6,109.0,,71.8,34.0,41.0,19.0,41.0,34.0,,41.0,,,,,41.0,,57.0,100.0
230,10,Trey Mooney,Newcastle Knights,Manly-Warringah Sea Eagles vs Newcastle Knights,6,32.0,,60.21,51.0,41.0,26.0,81.0,41.0,,51.0,,,,,81.0,,135.0,159.0
231,11,Dylan Lucas,Newcastle Knights,Manly-Warringah Sea Eagles vs Newcastle Knights,6,52.0,52.0,32.8,21.0,19.0,9.5,21.0,15.0,,19.0,,,,,21.0,40.0,64.0,100.0
232,12,Jermaine McEwen,Newcastle Knights,Manly-Warringah Sea Eagles vs Newcastle Knights,6,18.0,,36.69,26.0,29.0,13.0,29.0,23.0,,34.0,,,,,34.0,,93.0,117.0
233,13,Tyson Frizell,Newcastle Knights,Manly-Warringah Sea Eagles vs Newcastle Knights,6,282.0,67.5,79.4,51.0,41.0,26.0,81.0,41.0,,51.0,,,,,81.0,120.0,102.0,159.0
234,14,Thomas Cant,Newcastle Knights,Manly-Warringah Sea Eagles vs Newcastle Knights,6,37.0,,1209.33,34.0,41.0,17.0,34.0,,,34.0,,,,,41.0,,3.0,121.0
235,15,Matt Croker,Newcastle Knights,Manly-Warringah Sea Eagles vs Newcastle Knights,6,87.0,,1157.7,51.0,41.0,31.0,81.0,,,81.0,,,,,81.0,,7.0,100.0
236,16,Pasami Saulo,Newcastle Knights,Manly-Warringah Sea Eagles vs Newcastle Knights,6,62.0,,1205.11,51.0,41.0,26.0,81.0,,,81.0,,,,,81.0,,7.0,100.0
237,17,Francis Manuleleua,Newcastle Knights,Manly-Warringah Sea Eagles vs Newcastle Knights,6,,,785.43,26.0,41.0,26.0,67.0,,,81.0,,,,,81.0,,10.0,121.0
238,1,Hamiso Tabuai-Fidow,Dolphins,Dolphins vs Gold Coast Titans,7,108.0,15.43,12.17,10.0,8.0,4.2,8.0,7.5,,8.0,,,,,10.0,65.0,82.0,125.0
239,2,Jamayne Isaako,Dolphins,Dolphins vs Gold Coast Titans,7,163.0,18.11,8.94,9.0,8.75,4.6,8.5,9.0,,9.5,,,,,9.5,52.0,106.0,106.0
240,3,Jake Averillo,Dolphins,Dolphins vs Gold Coast Titans,7,127.0,127.0,14.63,13.0,14.0,8.5,15.0,13.0,,13.0,,,,,15.0,12.0,103.0,107.0
241,4,Herbie Farnworth,Dolphins,Dolphins vs Gold Coast Titans,7,119.0,29.75,11.53,11.0,10.0,5.0,10.0,9.5,,9.5,,,,,11.0,37.0,95.0,110.0
242,5,Selwyn Cobbo,Dolphins,Dolphins vs Gold Coast Titans,7,84.0,16.8,11.73,8.0,7.5,4.2,8.0,8.5,,8.0,,,,,8.5,51.0,72.0,106.0
243,6,Kodi Nikorima,Dolphins,Dolphins vs Gold Coast Titans,7,224.0,44.8,21.84,19.0,23.0,14.0,29.0,20.0,,23.0,,,,,29.0,65.0,133.0,126.0
244,7,Isaiya Katoa,Dolphins,Dolphins vs Gold Coast Titans,7,70.0,35.0,31.36,26.0,31.0,18.0,34.0,26.0,,31.0,,,,,34.0,97.0,108.0,110.0
245,8,Tom Gilbert,Dolphins,Dolphins vs Gold Coast Titans,7,69.0,23.0,49.76,41.0,51.0,23.0,41.0,56.0,,67.0,,,,,67.0,291.0,135.0,120.0
246,9,Brad Schneider,Dolphins,Dolphins vs Gold Coast Titans,7,58.0,58.0,47.29,26.0,31.0,16.0,29.0,23.0,,34.0,,,,,34.0,59.0,72.0,110.0
247,10,Thomas Flegler,Dolphins,Dolphins vs Gold Coast Titans,7,101.0,50.5,43.52,41.0,51.0,23.0,41.0,36.0,,51.0,,,,,51.0,101.0,117.0,100.0
248,11,Connelly Lemuelu,Dolphins,Dolphins vs Gold Coast Titans,7,89.0,89.0,23.68,21.0,23.0,12.0,26.0,19.0,,23.0,,,,,26.0,29.0,110.0,113.0
249,12,Kulikefu Finefeuiaki,Dolphins,Dolphins vs Gold Coast Titans,7,58.0,58.0,25.46,21.0,23.0,14.0,29.0,21.0,,26.0,,,,,29.0,50.0,114.0,112.0
250,13,Morgan Knowles,Dolphins,Dolphins vs Gold Coast Titans,7,1.0,,62.72,34.0,51.0,26.0,51.0,56.0,,67.0,,,,,67.0,,107.0,120.0
251,14,Max Plath,Dolphins,Dolphins vs Gold Coast Titans,7,35.0,35.0,626.28,26.0,41.0,21.0,41.0,76.0,,51.0,,,,,76.0,217.0,12.0,149.0
252,15,Oryn Keeley,Dolphins,Dolphins vs Gold Coast Titans,7,37.0,37.0,757.61,19.0,34.0,19.0,41.0,76.0,,34.0,,,,,76.0,205.0,10.0,185.0
253,16,Felise Kaufusi,Dolphins,Dolphins vs Gold Coast Titans,7,224.0,32.0,891.66,34.0,51.0,31.0,67.0,91.0,,51.0,,,,,91.0,284.0,10.0,136.0
254,17,Ray Stone,Dolphins,Dolphins vs Gold Coast Titans,7,92.0,92.0,731.34,26.0,41.0,18.0,,,,51.0,,,,,51.0,55.0,7.0,124.0
255,1,Keano Kini,Gold Coast Titans,Dolphins vs Gold Coast Titans,7,32.0,,30.69,17.0,14.0,4.9,12.0,13.0,,15.0,,,,,17.0,,55.0,113.0
256,2,Sialetili Faeamani,Gold Coast Titans,Dolphins vs Gold Coast Titans,7,1.0,,11.81,11.0,11.5,4.4,10.0,12.0,,13.0,,,,,13.0,,110.0,108.0
257,3,Sosefo Fifita,Gold Coast Titans,Dolphins vs Gold Coast Titans,7,64.0,10.67,26.43,17.0,17.0,7.5,21.0,15.0,,19.0,,,,,21.0,197.0,79.0,111.0
258,4,Max Feagai,Gold Coast Titans,Dolphins vs Gold Coast Titans,7,33.0,,30.84,21.0,17.0,8.5,21.0,15.0,,19.0,,,,,21.0,,68.0,100.0
259,5,Phillip Sami,Gold Coast Titans,Dolphins vs Gold Coast Titans,7,145.0,14.5,14.4,11.0,10.5,4.4,10.0,12.0,,11.0,,,,,12.0,83.0,83.0,109.0
260,6,Alexander Brimson,Gold Coast Titans,Dolphins vs Gold Coast Titans,7,136.0,17.0,30.71,21.0,26.0,9.0,21.0,21.0,,26.0,,,,,26.0,153.0,85.0,100.0
261,7,Lachlan Ilias,Gold Coast Titans,Dolphins vs Gold Coast Titans,7,62.0,15.5,50.18,34.0,34.0,13.0,41.0,31.0,,34.0,,,,,41.0,265.0,82.0,121.0
262,8,Moeaki Fotuaika,Gold Coast Titans,Dolphins vs Gold Coast Titans,7,164.0,,76.18,51.0,81.0,31.0,81.0,61.0,,81.0,,,,,81.0,,106.0,100.0
263,9,Sam Verrills,Gold Coast Titans,Dolphins vs Gold Coast Titans,7,105.0,105.0,59.22,41.0,41.0,19.0,51.0,41.0,,51.0,,,,,51.0,49.0,86.0,100.0
264,10,Tino Faasuamaleaui,Gold Coast Titans,Dolphins vs Gold Coast Titans,7,112.0,56.0,74.97,41.0,34.0,14.0,34.0,26.0,,34.0,,,,,41.0,73.0,55.0,121.0
265,11,Arama Hau,Gold Coast Titans,Dolphins vs Gold Coast Titans,7,16.0,,45.0,26.0,31.0,15.0,41.0,26.0,,34.0,,,,,41.0,,91.0,121.0
266,12,Beau Fermor,Gold Coast Titans,Dolphins vs Gold Coast Titans,7,93.0,31.0,31.16,21.0,21.0,8.5,21.0,18.0,,23.0,,,,,23.0,74.0,74.0,110.0
267,13,Chris Randall,Gold Coast Titans,Dolphins vs Gold Coast Titans,7,100.0,100.0,82.31,51.0,51.0,19.0,51.0,46.0,,67.0,,,,,67.0,67.0,81.0,131.0
268,14,Kurtis Morrin,Gold Coast Titans,Dolphins vs Gold Coast Titans,7,57.0,,1276.37,51.0,51.0,31.0,81.0,91.0,,81.0,,,,,91.0,,7.0,112.0
269,15,Tukimihia Simpkins,Gold Coast Titans,Dolphins vs Gold Coast Titans,7,10.0,,1295.08,41.0,51.0,31.0,81.0,,,81.0,,,,,81.0,,6.0,100.0
270,16,Klese Haas,Gold Coast Titans,Dolphins vs Gold Coast Titans,7,65.0,65.0,1399.83,51.0,67.0,23.0,51.0,101.0,,51.0,,,,,101.0,155.0,7.0,151.0
271,17,Cooper Bai,Gold Coast Titans,Dolphins vs Gold Coast Titans,7,3.0,,787.01,34.0,51.0,21.0,51.0,,,51.0,,,,,51.0,,6.0,100.0
