,Number,Player,Team,Match,Games,TPT Historical,Tab,Neds,Betright,Bet365,Sportsbet,Pointsbet,Dabble,Playup,Boombet,Bluebet,Unibet,Highest,Highest/Historical,Market Value
0,1,Sualauvi Faalogo,Melbourne Storm,Melbourne Storm vs Parramatta Eels,25.0,5.0,7.0,6.0,,,6.0,,7.0,,,,,7.0,140.0,100.0
1,2,Will Warbrick,Melbourne Storm,Melbourne Storm vs Parramatta Eels,56.0,10.0,4.0,3.45,,,3.7,,4.0,,,,,4.0,40.0,100.0
2,3,Jack Howarth,Melbourne Storm,Melbourne Storm vs Parramatta Eels,37.0,,13.0,8.5,,,12.0,,11.0,,,,,13.0,,108.0
3,4,Moses Leo,Melbourne Storm,Melbourne Storm vs Parramatta Eels,2.0,,9.0,8.5,,,11.0,,11.0,,,,,11.0,,100.0
4,5,Nick Meaney,Melbourne Storm,Melbourne Storm vs Parramatta Eels,159.0,20.38,4.5,4.5,,,4.4,,5.0,,,,,5.0,25.0,111.0
5,6,Cameron Munster,Melbourne Storm,Melbourne Storm vs Parramatta Eels,236.0,44.0,41.0,19.0,,,14.0,,17.0,,,,,41.0,93.0,216.0
6,7,Jahrome Hughes,Melbourne Storm,Melbourne Storm vs Parramatta Eels,170.0,15.55,10.0,14.0,,,9.75,,15.0,,,,,15.0,96.0,107.0
7,8,Stefano Utoikamanu,Melbourne Storm,Melbourne Storm vs Parramatta Eels,103.0,,41.0,101.0,,,61.0,,67.0,,,,,101.0,,151.0
8,9,Harry Grant,Melbourne Storm,Melbourne Storm vs Parramatta Eels,120.0,24.8,19.0,14.0,,,13.0,,15.0,,,,,19.0,77.0,127.0
9,10,Josh King,Melbourne Storm,Melbourne Storm vs Parramatta Eels,182.0,188.0,41.0,101.0,,,61.0,,67.0,,,,,101.0,54.0,151.0
10,11,Joe Chan,Melbourne Storm,Melbourne Storm vs Parramatta Eels,33.0,,17.0,23.0,,,26.0,,26.0,,,,,26.0,,100.0
11,12,Ativalu Lisati,Melbourne Storm,Melbourne Storm vs Parramatta Eels,18.0,,17.0,51.0,,,34.0,,34.0,,,,,51.0,,150.0
12,13,Alec MacDonald,Melbourne Storm,Melbourne Storm vs Parramatta Eels,70.0,,41.0,51.0,,,101.0,,34.0,,,,,101.0,,198.0
13,14,Tyran Wishart,Melbourne Storm,Melbourne Storm vs Parramatta Eels,90.0,46.0,41.0,23.0,,,,,26.0,,,,,41.0,89.0,158.0
14,15,Cooper Clarke,Melbourne Storm,Melbourne Storm vs Parramatta Eels,,,21.0,101.0,,,,,34.0,,,,,101.0,,297.0
15,16,Tui Kamikamica,Melbourne Storm,Melbourne Storm vs Parramatta Eels,138.0,,81.0,101.0,,,67.0,,67.0,,,,,101.0,,125.0
16,17,Davvy Moale,Melbourne Storm,Melbourne Storm vs Parramatta Eels,76.0,,67.0,51.0,,,,,67.0,,,,,67.0,,100.0
17,1,Isaiah Iongi,Parramatta Eels,Melbourne Storm vs Parramatta Eels,23.0,11.5,10.0,12.5,,,13.0,,13.0,,,,,13.0,113.0,100.0
18,2,Bailey Simonsson,Parramatta Eels,Melbourne Storm vs Parramatta Eels,103.0,21.0,6.0,5.4,,,6.75,,6.0,,,,,6.75,32.0,112.0
19,3,Will Penisini,Parramatta Eels,Melbourne Storm vs Parramatta Eels,100.0,34.33,15.0,8.5,,,13.0,,11.0,,,,,15.0,44.0,115.0
20,4,Brian Kelly,Parramatta Eels,Melbourne Storm vs Parramatta Eels,192.0,24.0,15.0,12.5,,,11.0,,11.0,,,,,15.0,62.0,120.0
21,5,Sean Russell,Parramatta Eels,Melbourne Storm vs Parramatta Eels,64.0,21.33,6.5,5.8,,,6.75,,6.5,,,,,6.75,32.0,104.0
22,6,Jonah Pezet,Parramatta Eels,Melbourne Storm vs Parramatta Eels,18.0,,34.0,51.0,,,31.0,,26.0,,,,,51.0,,150.0
23,7,Mitchell Moses,Parramatta Eels,Melbourne Storm vs Parramatta Eels,238.0,36.0,15.0,19.0,,,23.0,,23.0,,,,,23.0,64.0,100.0
24,8,J'maine Hopgood,Parramatta Eels,Melbourne Storm vs Parramatta Eels,71.0,,67.0,151.0,,,91.0,,67.0,,,,,151.0,,166.0
25,9,Ryley Smith,Parramatta Eels,Melbourne Storm vs Parramatta Eels,22.0,,51.0,81.0,,,101.0,,51.0,,,,,101.0,,125.0
26,10,Junior Paulo,Parramatta Eels,Melbourne Storm vs Parramatta Eels,276.0,,67.0,151.0,,,101.0,,67.0,,,,,151.0,,150.0
27,11,Jack Williams,Parramatta Eels,Melbourne Storm vs Parramatta Eels,145.0,,21.0,26.0,,,34.0,,26.0,,,,,34.0,,131.0
28,12,Kitione Kautoga,Parramatta Eels,Melbourne Storm vs Parramatta Eels,18.0,,21.0,26.0,,,51.0,,26.0,,,,,51.0,,196.0
29,13,Jack de Belin,Parramatta Eels,Melbourne Storm vs Parramatta Eels,230.0,,67.0,151.0,,,101.0,,81.0,,,,,151.0,,150.0
30,14,Dylan Walker,Parramatta Eels,Melbourne Storm vs Parramatta Eels,252.0,48.5,51.0,151.0,,,67.0,,41.0,,,,,151.0,311.0,225.0
31,15,Sam Tuivaiti,Parramatta Eels,Melbourne Storm vs Parramatta Eels,11.0,,67.0,,,,,,81.0,,,,,81.0,,121.0
32,16,Matt Doorey,Parramatta Eels,Melbourne Storm vs Parramatta Eels,53.0,,67.0,81.0,,,,,41.0,,,,,81.0,,121.0
33,17,Tallyn Da Silva,Parramatta Eels,Melbourne Storm vs Parramatta Eels,35.0,,67.0,41.0,,,,,26.0,,,,,67.0,,163.0
34,1,Reece Walsh,Brisbane Broncos,Brisbane Broncos vs Penrith Panthers,95.0,13.86,6.0,,,,4.9,,5.75,,,,,6.0,43.0,104.0
35,2,Josiah Karapani,Brisbane Broncos,Brisbane Broncos vs Penrith Panthers,28.0,14.0,5.5,,,,5.9,,6.0,,,,,6.0,43.0,102.0
36,3,Kotoni Staggs,Brisbane Broncos,Brisbane Broncos vs Penrith Panthers,147.0,10.5,10.0,,,,10.5,,11.0,,,,,11.0,105.0,105.0
37,4,Gehamat Shibasaki,Brisbane Broncos,Brisbane Broncos vs Penrith Panthers,56.0,10.17,8.5,,,,7.75,,8.5,,,,,8.5,84.0,100.0
38,5,Deine Mariner,Brisbane Broncos,Brisbane Broncos vs Penrith Panthers,58.0,5.55,6.0,,,,6.0,,6.5,,,,,6.5,117.0,108.0
39,6,Ezra Mam,Brisbane Broncos,Brisbane Broncos vs Penrith Panthers,69.0,13.8,15.0,,,,14.0,,15.0,,,,,15.0,109.0,100.0
40,7,Adam Reynolds,Brisbane Broncos,Brisbane Broncos vs Penrith Panthers,309.0,,26.0,,,,41.0,,23.0,,,,,41.0,,158.0
41,8,Corey Jensen,Brisbane Broncos,Brisbane Broncos vs Penrith Panthers,149.0,,101.0,,,,101.0,,67.0,,,,,101.0,,100.0
42,9,Cory Paix,Brisbane Broncos,Brisbane Broncos vs Penrith Panthers,68.0,,41.0,,,,91.0,,34.0,,,,,91.0,,222.0
43,10,Payne Haas,Brisbane Broncos,Brisbane Broncos vs Penrith Panthers,142.0,,41.0,,,,61.0,,26.0,,,,,61.0,,149.0
44,11,Jack Gosiewski,Brisbane Broncos,Brisbane Broncos vs Penrith Panthers,94.0,48.0,21.0,,,,61.0,,26.0,,,,,61.0,127.0,235.0
45,12,Jordan Riki,Brisbane Broncos,Brisbane Broncos vs Penrith Panthers,114.0,117.0,21.0,,,,41.0,,26.0,,,,,41.0,35.0,158.0
46,13,Patrick Carrigan,Brisbane Broncos,Brisbane Broncos vs Penrith Panthers,130.0,,67.0,,,,91.0,,51.0,,,,,91.0,,136.0
47,14,Ben Hunt,Brisbane Broncos,Brisbane Broncos vs Penrith Panthers,355.0,43.8,34.0,,,,67.0,,34.0,,,,,67.0,153.0,197.0
48,15,Xavier Willison,Brisbane Broncos,Brisbane Broncos vs Penrith Panthers,52.0,52.0,34.0,,,,51.0,,26.0,,,,,51.0,98.0,150.0
49,16,Ben Talty,Brisbane Broncos,Brisbane Broncos vs Penrith Panthers,10.0,,26.0,,,,,,26.0,,,,,26.0,,100.0
50,17,Aublix Tawha,Brisbane Broncos,Brisbane Broncos vs Penrith Panthers,10.0,,34.0,,,,,,26.0,,,,,34.0,,131.0
51,1,Dylan Edwards,Penrith Panthers,Brisbane Broncos vs Penrith Panthers,171.0,24.71,13.0,,,,14.0,,13.0,,,,,14.0,57.0,108.0
52,2,Paul Alamoti,Penrith Panthers,Brisbane Broncos vs Penrith Panthers,59.0,10.17,6.0,,,,6.75,,6.5,,,,,6.75,66.0,104.0
53,3,Izack Tago,Penrith Panthers,Brisbane Broncos vs Penrith Panthers,99.0,13.62,15.0,,,,14.0,,15.0,,,,,15.0,110.0,100.0
54,4,Casey McLean,Penrith Panthers,Brisbane Broncos vs Penrith Panthers,36.0,12.67,10.0,,,,8.0,,10.0,,,,,10.0,79.0,100.0
55,5,Brian To'o,Penrith Panthers,Brisbane Broncos vs Penrith Panthers,133.0,7.61,7.0,,,,6.0,,6.5,,,,,7.0,92.0,108.0
56,6,Blaize Talagi,Penrith Panthers,Brisbane Broncos vs Penrith Panthers,45.0,23.5,19.0,,,,31.0,,23.0,,,,,31.0,132.0,135.0
57,7,Nathan Cleary,Penrith Panthers,Brisbane Broncos vs Penrith Panthers,194.0,24.75,19.0,,,,26.0,,19.0,,,,,26.0,105.0,137.0
58,8,Moses Leota,Penrith Panthers,Brisbane Broncos vs Penrith Panthers,202.0,,67.0,,,,81.0,,41.0,,,,,81.0,,121.0
59,9,Mitchell Kenny,Penrith Panthers,Brisbane Broncos vs Penrith Panthers,129.0,,41.0,,,,91.0,,41.0,,,,,91.0,,222.0
60,10,Lindsay Smith,Penrith Panthers,Brisbane Broncos vs Penrith Panthers,83.0,,51.0,,,,101.0,,41.0,,,,,101.0,,198.0
61,11,Scott Sorensen,Penrith Panthers,Brisbane Broncos vs Penrith Panthers,139.0,46.0,26.0,,,,34.0,,26.0,,,,,34.0,74.0,131.0
62,12,Luke Garner,Penrith Panthers,Brisbane Broncos vs Penrith Panthers,135.0,22.83,19.0,,,,34.0,,26.0,,,,,34.0,149.0,131.0
63,13,Isaah Yeo,Penrith Panthers,Brisbane Broncos vs Penrith Panthers,266.0,243.0,67.0,,,,71.0,,34.0,,,,,71.0,29.0,106.0
64,14,Jack Cogger,Penrith Panthers,Brisbane Broncos vs Penrith Panthers,101.0,101.0,41.0,,,,,,31.0,,,,,41.0,41.0,132.0
65,15,Luron Patea,Penrith Panthers,Brisbane Broncos vs Penrith Panthers,17.0,,101.0,,,,,,67.0,,,,,101.0,,151.0
66,16,Isaiah Papali'i,Penrith Panthers,Brisbane Broncos vs Penrith Panthers,178.0,45.5,21.0,,,,31.0,,31.0,,,,,31.0,68.0,100.0
67,17,Kalani Going,Penrith Panthers,Brisbane Broncos vs Penrith Panthers,2.0,,26.0,,,,,,23.0,,,,,26.0,,113.0
68,1,Charnze Nicoll-Klokstad,Warriors,Warriors vs Sydney Roosters,137.0,17.62,17.0,17.0,,,14.0,,15.0,,,,,17.0,96.0,100.0
69,2,Dallin Watene-Zelezniak,Warriors,Warriors vs Sydney Roosters,228.0,13.25,7.0,6.5,,,5.9,,6.5,,,,,7.0,53.0,108.0
70,3,Ali Leiataua,Warriors,Warriors vs Sydney Roosters,16.0,16.0,17.0,13.0,,,14.0,,15.0,,,,,17.0,106.0,113.0
71,4,Adam Pompey,Warriors,Warriors vs Sydney Roosters,124.0,31.75,13.0,13.0,,,16.0,,13.0,,,,,16.0,50.0,123.0
72,5,Roger Tuivasa-Sheck,Warriors,Warriors vs Sydney Roosters,233.0,38.25,6.5,7.75,,,6.75,,6.5,,,,,7.75,20.0,115.0
73,6,Chanel Harris-Tavita,Warriors,Warriors vs Sydney Roosters,96.0,16.33,26.0,34.0,,,23.0,,21.0,,,,,34.0,208.0,131.0
74,7,Tanah Boyd,Warriors,Warriors vs Sydney Roosters,92.0,,67.0,67.0,,,51.0,,34.0,,,,,67.0,,100.0
75,8,James Fisher-Harris,Warriors,Warriors vs Sydney Roosters,222.0,230.0,67.0,,,,91.0,,51.0,,,,,91.0,40.0,136.0
76,9,Wayde Egan,Warriors,Warriors vs Sydney Roosters,151.0,,67.0,67.0,,,46.0,,34.0,,,,,67.0,,100.0
77,10,Jackson Ford,Warriors,Warriors vs Sydney Roosters,99.0,104.0,67.0,67.0,,,51.0,,34.0,,,,,67.0,64.0,100.0
78,11,Kurt Capewell,Warriors,Warriors vs Sydney Roosters,179.0,89.5,26.0,41.0,,,34.0,,26.0,,,,,41.0,46.0,121.0
79,12,Jacob Laban,Warriors,Warriors vs Sydney Roosters,24.0,,26.0,34.0,,,51.0,,26.0,,,,,51.0,,150.0
80,13,Erin Clark,Warriors,Warriors vs Sydney Roosters,121.0,,67.0,67.0,,,91.0,,34.0,,,,,91.0,,136.0
83,16,Leka Halasima,Warriors,Warriors vs Sydney Roosters,29.0,31.0,34.0,29.0,,,,,23.0,,,,,34.0,110.0,117.0
84,17,Tanner Stowers-Smith,Warriors,Warriors vs Sydney Roosters,14.0,,151.0,,,,,,67.0,,,,,151.0,,225.0
85,1,James Tedesco,Sydney Roosters,Warriors vs Sydney Roosters,276.0,10.55,7.5,8.75,,,7.75,,8.5,,,,,8.75,83.0,103.0
86,2,Daniel Tupou,Sydney Roosters,Warriors vs Sydney Roosters,289.0,7.86,5.0,5.2,,,4.9,,5.5,,,,,5.5,70.0,106.0
87,3,Billy Smith,Sydney Roosters,Warriors vs Sydney Roosters,47.0,25.0,15.0,11.5,,,13.0,,13.0,,,,,15.0,60.0,115.0
88,4,Robert Toia,Sydney Roosters,Warriors vs Sydney Roosters,22.0,24.0,13.0,11.5,,,14.0,,13.0,,,,,14.0,58.0,108.0
89,5,Mark Nawaqanitawase,Sydney Roosters,Warriors vs Sydney Roosters,25.0,3.86,3.75,4.5,,,4.3,,4.5,,,,,4.5,117.0,100.0
90,6,Daly Cherry-Evans,Sydney Roosters,Warriors vs Sydney Roosters,352.0,28.12,15.0,29.0,,,31.0,,19.0,,,,,31.0,110.0,107.0
91,7,Sam Walker,Sydney Roosters,Warriors vs Sydney Roosters,87.0,47.0,21.0,21.0,,,23.0,,21.0,,,,,23.0,49.0,110.0
92,8,Naufahu Whyte,Sydney Roosters,Warriors vs Sydney Roosters,61.0,65.0,51.0,41.0,,,67.0,,34.0,,,,,67.0,103.0,131.0
93,9,Benaiah Ioelu,Sydney Roosters,Warriors vs Sydney Roosters,12.0,,34.0,41.0,,,51.0,,31.0,,,,,51.0,,124.0
94,10,Lindsay Collins,Sydney Roosters,Warriors vs Sydney Roosters,129.0,,51.0,67.0,,,101.0,,34.0,,,,,101.0,,151.0
95,11,Angus Crichton,Sydney Roosters,Warriors vs Sydney Roosters,198.0,25.5,13.0,17.0,,,16.0,,13.0,,,,,17.0,67.0,106.0
96,12,Nat Butcher,Sydney Roosters,Warriors vs Sydney Roosters,153.0,40.25,19.0,29.0,,,,,17.0,,,,,29.0,72.0,153.0
97,13,Blake Steep,Sydney Roosters,Warriors vs Sydney Roosters,25.0,,51.0,41.0,,,61.0,,34.0,,,,,61.0,,120.0
98,14,Connor Watson,Sydney Roosters,Warriors vs Sydney Roosters,170.0,43.5,34.0,51.0,,,34.0,,26.0,,,,,51.0,117.0,150.0
99,15,Siua Wong,Sydney Roosters,Warriors vs Sydney Roosters,40.0,,51.0,67.0,,,31.0,,26.0,,,,,67.0,,131.0
100,16,Egan Butcher,Sydney Roosters,Warriors vs Sydney Roosters,74.0,81.0,101.0,67.0,,,23.0,,31.0,,,,,101.0,125.0,151.0
101,17,Spencer Leniu,Sydney Roosters,Warriors vs Sydney Roosters,120.0,,81.0,,,,101.0,,41.0,,,,,101.0,,125.0
102,1,William Kennedy,Cronulla-Sutherland Sharks,Cronulla-Sutherland Sharks vs Gold Coast Titans,134.0,17.5,7.0,,,,9.75,,7.5,,,,,9.75,56.0,130.0
103,2,Sione A. Katoa,Cronulla-Sutherland Sharks,Cronulla-Sutherland Sharks vs Gold Coast Titans,128.0,,3.75,,,,3.7,,4.0,,,,,4.0,,107.0
104,3,Jesse Ramien,Cronulla-Sutherland Sharks,Cronulla-Sutherland Sharks vs Gold Coast Titans,170.0,25.14,8.0,,,,10.0,,8.5,,,,,10.0,40.0,118.0
106,5,Samuel Stonestreet,Cronulla-Sutherland Sharks,Cronulla-Sutherland Sharks vs Gold Coast Titans,18.0,2.57,3.5,,,,3.45,,3.5,,,,,3.5,136.0,100.0
107,6,Braydon Trindall,Cronulla-Sutherland Sharks,Cronulla-Sutherland Sharks vs Gold Coast Titans,105.0,28.25,11.0,,,,21.0,,10.0,,,,,21.0,74.0,191.0
108,7,Nicho Hynes,Cronulla-Sutherland Sharks,Cronulla-Sutherland Sharks vs Gold Coast Titans,129.0,45.67,11.0,,,,14.0,,11.0,,,,,14.0,31.0,127.0
109,8,Addin Fonua-Blake,Cronulla-Sutherland Sharks,Cronulla-Sutherland Sharks vs Gold Coast Titans,209.0,71.0,21.0,,,,13.0,,15.0,,,,,21.0,30.0,140.0
110,9,Blayke Brailey,Cronulla-Sutherland Sharks,Cronulla-Sutherland Sharks vs Gold Coast Titans,164.0,,21.0,,,,26.0,,17.0,,,,,26.0,,124.0
111,10,Thomas Hazelton,Cronulla-Sutherland Sharks,Cronulla-Sutherland Sharks vs Gold Coast Titans,58.0,,34.0,,,,41.0,,26.0,,,,,41.0,,121.0
112,11,Briton Nikora,Cronulla-Sutherland Sharks,Cronulla-Sutherland Sharks vs Gold Coast Titans,159.0,27.83,10.0,,,,7.75,,9.5,,,,,10.0,36.0,105.0
113,12,Billy Burns,Cronulla-Sutherland Sharks,Cronulla-Sutherland Sharks vs Gold Coast Titans,72.0,38.5,13.0,,,,29.0,,11.0,,,,,29.0,75.0,223.0
114,13,Jesse Colquhoun,Cronulla-Sutherland Sharks,Cronulla-Sutherland Sharks vs Gold Coast Titans,31.0,,34.0,,,,61.0,,23.0,,,,,61.0,,179.0
115,14,Siosifa Talakai,Cronulla-Sutherland Sharks,Cronulla-Sutherland Sharks vs Gold Coast Titans,133.0,68.5,13.0,,,,21.0,,11.0,,,,,21.0,31.0,162.0
116,15,Toby Rudolf,Cronulla-Sutherland Sharks,Cronulla-Sutherland Sharks vs Gold Coast Titans,119.0,,34.0,,,,67.0,,26.0,,,,,67.0,,197.0
117,16,Oregon Kaufusi,Cronulla-Sutherland Sharks,Cronulla-Sutherland Sharks vs Gold Coast Titans,139.0,,34.0,,,,51.0,,26.0,,,,,51.0,,150.0
118,17,Braden Uele,Cronulla-Sutherland Sharks,Cronulla-Sutherland Sharks vs Gold Coast Titans,132.0,,34.0,,,,51.0,,23.0,,,,,51.0,,150.0
119,1,Keano Kini,Gold Coast Titans,Cronulla-Sutherland Sharks vs Gold Coast Titans,31.0,15.5,13.0,,,,9.75,,11.0,,,,,13.0,84.0,118.0
120,2,Sialetili Faeamani,Gold Coast Titans,Cronulla-Sutherland Sharks vs Gold Coast Titans,,,7.0,,,,6.75,,,,,,,7.0,,104.0
121,3,Sosefo Fifita,Gold Coast Titans,Cronulla-Sutherland Sharks vs Gold Coast Titans,63.0,10.5,15.0,,,,13.0,,11.0,,,,,15.0,143.0,115.0
122,4,Max Feagai,Gold Coast Titans,Cronulla-Sutherland Sharks vs Gold Coast Titans,32.0,32.0,17.0,,,,17.0,,15.0,,,,,17.0,53.0,100.0
123,5,Phillip Sami,Gold Coast Titans,Cronulla-Sutherland Sharks vs Gold Coast Titans,144.0,11.15,6.0,,,,7.0,,6.5,,,,,7.0,63.0,108.0
124,6,Alexander Brimson,Gold Coast Titans,Cronulla-Sutherland Sharks vs Gold Coast Titans,135.0,12.27,17.0,,,,14.0,,15.0,,,,,17.0,139.0,113.0
125,7,Lachlan Ilias,Gold Coast Titans,Cronulla-Sutherland Sharks vs Gold Coast Titans,61.0,,34.0,,,,61.0,,26.0,,,,,61.0,,179.0
126,8,Moeaki Fotuaika,Gold Coast Titans,Cronulla-Sutherland Sharks vs Gold Coast Titans,163.0,,67.0,,,,101.0,,34.0,,,,,101.0,,151.0
127,9,Sam Verrills,Gold Coast Titans,Cronulla-Sutherland Sharks vs Gold Coast Titans,104.0,104.0,51.0,,,,67.0,,31.0,,,,,67.0,64.0,131.0
128,10,Tino Faasuamaleaui,Gold Coast Titans,Cronulla-Sutherland Sharks vs Gold Coast Titans,111.0,55.5,51.0,,,,34.0,,,,,,,51.0,92.0,150.0
129,11,Arama Hau,Gold Coast Titans,Cronulla-Sutherland Sharks vs Gold Coast Titans,15.0,,34.0,,,,51.0,,26.0,,,,,51.0,,150.0
130,12,Beau Fermor,Gold Coast Titans,Cronulla-Sutherland Sharks vs Gold Coast Titans,92.0,47.5,17.0,,,,21.0,,15.0,,,,,21.0,44.0,124.0
131,13,Chris Randall,Gold Coast Titans,Cronulla-Sutherland Sharks vs Gold Coast Titans,99.0,,51.0,,,,91.0,,31.0,,,,,91.0,,178.0
132,14,Kurtis Morrin,Gold Coast Titans,Cronulla-Sutherland Sharks vs Gold Coast Titans,56.0,,67.0,,,,101.0,,34.0,,,,,101.0,,151.0
133,15,Tukimihia Simpkins,Gold Coast Titans,Cronulla-Sutherland Sharks vs Gold Coast Titans,9.0,,67.0,,,,,,34.0,,,,,67.0,,197.0
134,16,Klese Haas,Gold Coast Titans,Cronulla-Sutherland Sharks vs Gold Coast Titans,64.0,,51.0,,,,101.0,,31.0,,,,,101.0,,198.0
135,17,Cooper Bai,Gold Coast Titans,Cronulla-Sutherland Sharks vs Gold Coast Titans,2.0,,34.0,,,,34.0,,26.0,,,,,34.0,,100.0
136,1,Tom Trbojevic,Manly-Warringah Sea Eagles,Manly-Warringah Sea Eagles vs Canberra Raiders,170.0,6.71,6.5,,,,7.0,,7.0,,,,,7.0,104.0,100.0
137,2,Jason Saab,Manly-Warringah Sea Eagles,Manly-Warringah Sea Eagles vs Canberra Raiders,106.0,6.24,5.0,,,,5.0,,5.75,,,,,5.75,92.0,115.0
138,3,Tolutau Koula,Manly-Warringah Sea Eagles,Manly-Warringah Sea Eagles vs Canberra Raiders,83.0,13.83,9.0,,,,8.0,,8.5,,,,,9.0,65.0,106.0
139,4,Reuben Garrick,Manly-Warringah Sea Eagles,Manly-Warringah Sea Eagles vs Canberra Raiders,157.0,7.85,11.0,,,,10.5,,11.0,,,,,11.0,140.0,100.0
140,5,Lehi Hopoate,Manly-Warringah Sea Eagles,Manly-Warringah Sea Eagles vs Canberra Raiders,36.0,7.2,6.0,,,,5.9,,6.5,,,,,6.5,90.0,108.0
141,6,Luke Brooks,Manly-Warringah Sea Eagles,Manly-Warringah Sea Eagles vs Canberra Raiders,255.0,210.0,17.0,,,,31.0,,15.0,,,,,31.0,15.0,182.0
142,7,Jamal Fogarty,Manly-Warringah Sea Eagles,Manly-Warringah Sea Eagles vs Canberra Raiders,118.0,61.0,41.0,,,,51.0,,26.0,,,,,51.0,84.0,124.0
143,8,Taniela Paseka,Manly-Warringah Sea Eagles,Manly-Warringah Sea Eagles vs Canberra Raiders,126.0,,67.0,,,,101.0,,31.0,,,,,101.0,,151.0
144,9,Jake Simpkin,Manly-Warringah Sea Eagles,Manly-Warringah Sea Eagles vs Canberra Raiders,74.0,,41.0,,,,41.0,,26.0,,,,,41.0,,100.0
145,10,Siosiua Taukeiaho,Manly-Warringah Sea Eagles,Manly-Warringah Sea Eagles vs Canberra Raiders,190.0,,67.0,,,,101.0,,31.0,,,,,101.0,,151.0
146,11,Haumole Olakau'atu,Manly-Warringah Sea Eagles,Manly-Warringah Sea Eagles vs Canberra Raiders,109.0,27.25,13.0,,,,12.0,,,,,,,13.0,48.0,108.0
147,12,Ben Trbojevic,Manly-Warringah Sea Eagles,Manly-Warringah Sea Eagles vs Canberra Raiders,75.0,77.0,21.0,,,,23.0,,19.0,,,,,23.0,30.0,110.0
148,13,Jake Trbojevic,Manly-Warringah Sea Eagles,Manly-Warringah Sea Eagles vs Canberra Raiders,241.0,72.33,101.0,,,,101.0,,34.0,,,,,101.0,140.0,100.0
149,14,Joey Walsh,Manly-Warringah Sea Eagles,Manly-Warringah Sea Eagles vs Canberra Raiders,3.0,,26.0,,,,,,21.0,,,,,26.0,,124.0
150,15,Kobe Hetherington,Manly-Warringah Sea Eagles,Manly-Warringah Sea Eagles vs Canberra Raiders,105.0,,51.0,,,,101.0,,31.0,,,,,101.0,,198.0
151,16,Ethan Bullemor,Manly-Warringah Sea Eagles,Manly-Warringah Sea Eagles vs Canberra Raiders,113.0,115.0,51.0,,,,61.0,,31.0,,,,,61.0,53.0,120.0
152,17,Nathan Brown,Manly-Warringah Sea Eagles,Manly-Warringah Sea Eagles vs Canberra Raiders,183.0,,81.0,,,,101.0,,34.0,,,,,101.0,,125.0
153,1,Kaeo Weekes,Canberra Raiders,Manly-Warringah Sea Eagles vs Canberra Raiders,65.0,23.33,8.0,,,,9.0,,8.5,,,,,9.0,39.0,106.0
154,2,Savelio Tamale,Canberra Raiders,Manly-Warringah Sea Eagles vs Canberra Raiders,19.0,,6.0,,,,7.0,,6.5,,,,,7.0,,108.0
155,3,Simi Sasagi,Canberra Raiders,Manly-Warringah Sea Eagles vs Canberra Raiders,63.0,,15.0,,,,14.0,,11.0,,,,,15.0,,107.0
156,4,Sebastian Kris,Canberra Raiders,Manly-Warringah Sea Eagles vs Canberra Raiders,111.0,19.5,15.0,,,,12.5,,11.0,,,,,15.0,77.0,120.0
157,5,Xavier Savage,Canberra Raiders,Manly-Warringah Sea Eagles vs Canberra Raiders,73.0,24.67,5.0,,,,5.5,,5.75,,,,,5.75,23.0,105.0
158,6,Ethan Strange,Canberra Raiders,Manly-Warringah Sea Eagles vs Canberra Raiders,47.0,24.5,13.0,,,,9.75,,11.0,,,,,13.0,53.0,118.0
159,7,Ethan Sanders,Canberra Raiders,Manly-Warringah Sea Eagles vs Canberra Raiders,6.0,,26.0,,,,34.0,,21.0,,,,,34.0,,131.0
160,8,Josh Papalii,Canberra Raiders,Manly-Warringah Sea Eagles vs Canberra Raiders,329.0,77.0,67.0,,,,101.0,,,,,,,101.0,131.0,151.0
161,9,Tom Starling,Canberra Raiders,Manly-Warringah Sea Eagles vs Canberra Raiders,133.0,139.0,26.0,,,,61.0,,19.0,,,,,61.0,44.0,235.0
162,10,Joseph Tapine,Canberra Raiders,Manly-Warringah Sea Eagles vs Canberra Raiders,236.0,73.33,41.0,,,,67.0,,26.0,,,,,67.0,91.0,163.0
163,11,Hudson Young,Canberra Raiders,Manly-Warringah Sea Eagles vs Canberra Raiders,141.0,18.38,15.0,,,,11.0,,11.0,,,,,15.0,82.0,136.0
164,12,Noah Martin,Canberra Raiders,Manly-Warringah Sea Eagles vs Canberra Raiders,12.0,,21.0,,,,34.0,,19.0,,,,,34.0,,162.0
165,13,Corey Horsburgh,Canberra Raiders,Manly-Warringah Sea Eagles vs Canberra Raiders,112.0,122.0,41.0,,,,91.0,,26.0,,,,,91.0,75.0,222.0
166,14,Jayden Brailey,Canberra Raiders,Manly-Warringah Sea Eagles vs Canberra Raiders,154.0,,51.0,,,,,,31.0,,,,,51.0,,165.0
167,15,Zac Hosking,Canberra Raiders,Manly-Warringah Sea Eagles vs Canberra Raiders,55.0,,26.0,,,,31.0,,21.0,,,,,31.0,,119.0
168,16,Ata Mariota,Canberra Raiders,Manly-Warringah Sea Eagles vs Canberra Raiders,67.0,,34.0,,,,91.0,,26.0,,,,,91.0,,268.0
169,17,Morgan Smithies,Canberra Raiders,Manly-Warringah Sea Eagles vs Canberra Raiders,49.0,,51.0,,,,101.0,,31.0,,,,,101.0,,198.0
170,1,Hamiso Tabuai-Fidow,Dolphins,Dolphins vs South Sydney Rabbitohs,107.0,7.13,5.5,,,,,,5.75,,,,,5.75,81.0,105.0
171,2,Jamayne Isaako,Dolphins,Dolphins vs South Sydney Rabbitohs,162.0,10.12,6.0,,,,,,6.5,,,,,6.5,64.0,108.0
172,3,Jake Averillo,Dolphins,Dolphins vs South Sydney Rabbitohs,126.0,11.55,11.0,,,,,,11.0,,,,,11.0,95.0,100.0
173,4,Herbie Farnworth,Dolphins,Dolphins vs South Sydney Rabbitohs,118.0,13.11,8.5,,,,,,8.5,,,,,8.5,65.0,100.0
174,5,Selwyn Cobbo,Dolphins,Dolphins vs South Sydney Rabbitohs,83.0,7.64,5.5,,,,,,6.0,,,,,6.0,79.0,109.0
175,6,Kodi Nikorima,Dolphins,Dolphins vs South Sydney Rabbitohs,223.0,107.0,17.0,,,,,,15.0,,,,,17.0,16.0,113.0
176,7,Isaiya Katoa,Dolphins,Dolphins vs South Sydney Rabbitohs,69.0,,41.0,,,,,,26.0,,,,,41.0,,158.0
177,8,Tom Gilbert,Dolphins,Dolphins vs South Sydney Rabbitohs,68.0,,67.0,,,,,,31.0,,,,,67.0,,216.0
178,9,Kurt Donoghoe,Dolphins,Dolphins vs South Sydney Rabbitohs,43.0,,26.0,,,,,,23.0,,,,,26.0,,113.0
179,10,Thomas Flegler,Dolphins,Dolphins vs South Sydney Rabbitohs,100.0,,51.0,,,,,,26.0,,,,,51.0,,196.0
180,11,Connelly Lemuelu,Dolphins,Dolphins vs South Sydney Rabbitohs,88.0,30.33,21.0,,,,,,17.0,,,,,21.0,69.0,124.0
181,12,Kulikefu Finefeuiaki,Dolphins,Dolphins vs South Sydney Rabbitohs,57.0,,21.0,,,,,,19.0,,,,,21.0,,111.0
182,13,Morgan Knowles,Dolphins,Dolphins vs South Sydney Rabbitohs,,,41.0,,,,,,26.0,,,,,41.0,,158.0
183,14,Brad Schneider,Dolphins,Dolphins vs South Sydney Rabbitohs,57.0,,,,,,,,26.0,,,,,26.0,,
184,15,Oryn Keeley,Dolphins,Dolphins vs South Sydney Rabbitohs,36.0,,26.0,,,,,,21.0,,,,,26.0,,124.0
185,16,Felise Kaufusi,Dolphins,Dolphins vs South Sydney Rabbitohs,223.0,69.33,101.0,,,,,,34.0,,,,,101.0,146.0,297.0
186,17,Trai Fuller,Dolphins,Dolphins vs South Sydney Rabbitohs,20.0,,10.0,,,,,,9.5,,,,,10.0,,105.0
187,1,Jye Gray,South Sydney Rabbitohs,Dolphins vs South Sydney Rabbitohs,33.0,33.0,10.0,,,,,,10.0,,,,,10.0,30.0,100.0
188,2,Alex Johnston,South Sydney Rabbitohs,Dolphins vs South Sydney Rabbitohs,243.0,4.29,4.25,,,,,,4.5,,,,,4.5,105.0,106.0
189,3,Latrell Mitchell,South Sydney Rabbitohs,Dolphins vs South Sydney Rabbitohs,182.0,8.76,8.0,,,,,,8.5,,,,,8.5,97.0,106.0
190,4,Jack Wighton,South Sydney Rabbitohs,Dolphins vs South Sydney Rabbitohs,278.0,17.83,13.0,,,,,,13.0,,,,,13.0,73.0,100.0
191,5,Campbell Graham,South Sydney Rabbitohs,Dolphins vs South Sydney Rabbitohs,142.0,10.57,6.0,,,,,,6.5,,,,,6.5,61.0,108.0
192,6,Cody Walker,South Sydney Rabbitohs,Dolphins vs South Sydney Rabbitohs,223.0,15.53,17.0,,,,,,15.0,,,,,17.0,109.0,113.0
193,7,Ashton Ward,South Sydney Rabbitohs,Dolphins vs South Sydney Rabbitohs,6.0,,21.0,,,,,,17.0,,,,,21.0,,124.0
194,8,Tevita Tatola,South Sydney Rabbitohs,Dolphins vs South Sydney Rabbitohs,159.0,167.0,101.0,,,,,,34.0,,,,,101.0,60.0,297.0
195,9,Bronson Garlick,South Sydney Rabbitohs,Dolphins vs South Sydney Rabbitohs,57.0,,101.0,,,,,,34.0,,,,,101.0,,297.0
196,10,Keaon Koloamatangi,South Sydney Rabbitohs,Dolphins vs South Sydney Rabbitohs,126.0,65.0,41.0,,,,,,26.0,,,,,41.0,63.0,158.0
197,11,David Fifita,South Sydney Rabbitohs,Dolphins vs South Sydney Rabbitohs,134.0,22.67,13.0,,,,,,13.0,,,,,13.0,57.0,100.0
198,12,Euan Aitken,South Sydney Rabbitohs,Dolphins vs South Sydney Rabbitohs,207.0,30.67,21.0,,,,,,17.0,,,,,21.0,68.0,124.0
199,13,Cameron Murray,South Sydney Rabbitohs,Dolphins vs South Sydney Rabbitohs,162.0,57.33,41.0,,,,,,26.0,,,,,41.0,72.0,158.0
200,14,Peter Mamouzelos,South Sydney Rabbitohs,Dolphins vs South Sydney Rabbitohs,46.0,,34.0,,,,,,23.0,,,,,34.0,,148.0
201,15,Tallis Duncan,South Sydney Rabbitohs,Dolphins vs South Sydney Rabbitohs,54.0,18.0,19.0,,,,,,17.0,,,,,19.0,106.0,112.0
202,16,Lachlan Hubner,South Sydney Rabbitohs,Dolphins vs South Sydney Rabbitohs,23.0,,51.0,,,,,,31.0,,,,,51.0,,165.0
203,17,Sean Keppie,South Sydney Rabbitohs,Dolphins vs South Sydney Rabbitohs,123.0,,81.0,,,,,,34.0,,,,,81.0,,238.0
